query_id,index,score,relevant,file_id,table_id,id
1,0,0.1,False,1609.05600v2,S5.T1,1609.05600v2_S5.T1
2,0,0.1,False,1609.05600v2,S5.T1,1609.05600v2_S5.T1
3,0,0.1,False,1609.05600v2,S5.T1,1609.05600v2_S5.T1
4,0,0.8,True,1609.05600v2,S5.T1,1609.05600v2_S5.T1
5,0,0.1,False,1609.05600v2,S5.T1,1609.05600v2_S5.T1
6,0,0.1,False,1609.05600v2,S5.T1,1609.05600v2_S5.T1
7,0,0.1,False,1609.05600v2,S5.T1,1609.05600v2_S5.T1
8,0,0.75,True,1609.05600v2,S5.T1,1609.05600v2_S5.T1
9,0,0.8,True,1609.05600v2,S5.T1,1609.05600v2_S5.T1
10,0,0.1,False,1609.05600v2,S5.T1,1609.05600v2_S5.T1
1,1,0.1,False,1609.05600v2,S5.T2,1609.05600v2_S5.T2
2,1,0.1,False,1609.05600v2,S5.T2,1609.05600v2_S5.T2
3,1,0.1,False,1609.05600v2,S5.T2,1609.05600v2_S5.T2
4,1,0.1,False,1609.05600v2,S5.T2,1609.05600v2_S5.T2
5,1,0.1,False,1609.05600v2,S5.T2,1609.05600v2_S5.T2
6,1,0.1,False,1609.05600v2,S5.T2,1609.05600v2_S5.T2
7,1,0.1,False,1609.05600v2,S5.T2,1609.05600v2_S5.T2
8,1,0.1,False,1609.05600v2,S5.T2,1609.05600v2_S5.T2
9,1,0.1,False,1609.05600v2,S5.T2,1609.05600v2_S5.T2
10,1,0.1,False,1609.05600v2,S5.T2,1609.05600v2_S5.T2
1,2,0.1,False,2006.05148,S3.T1,2006.05148_S3.T1
2,2,0.1,False,2006.05148,S3.T1,2006.05148_S3.T1
3,2,0.1,False,2006.05148,S3.T1,2006.05148_S3.T1
4,2,0.1,False,2006.05148,S3.T1,2006.05148_S3.T1
5,2,0.1,False,2006.05148,S3.T1,2006.05148_S3.T1
6,2,0.1,False,2006.05148,S3.T1,2006.05148_S3.T1
7,2,0.1,False,2006.05148,S3.T1,2006.05148_S3.T1
8,2,0.1,False,2006.05148,S3.T1,2006.05148_S3.T1
9,2,0.1,False,2006.05148,S3.T1,2006.05148_S3.T1
10,2,0.1,False,2006.05148,S3.T1,2006.05148_S3.T1
1,3,0.1,False,2006.05148,S4.T2,2006.05148_S4.T2
2,3,0.1,False,2006.05148,S4.T2,2006.05148_S4.T2
3,3,0.1,False,2006.05148,S4.T2,2006.05148_S4.T2
4,3,0.1,False,2006.05148,S4.T2,2006.05148_S4.T2
5,3,0.1,False,2006.05148,S4.T2,2006.05148_S4.T2
6,3,0.1,False,2006.05148,S4.T2,2006.05148_S4.T2
7,3,0.1,False,2006.05148,S4.T2,2006.05148_S4.T2
8,3,0.1,False,2006.05148,S4.T2,2006.05148_S4.T2
9,3,0.1,False,2006.05148,S4.T2,2006.05148_S4.T2
10,3,0.1,False,2006.05148,S4.T2,2006.05148_S4.T2
1,4,0.1,False,2006.05148,S4.T3,2006.05148_S4.T3
2,4,0.1,False,2006.05148,S4.T3,2006.05148_S4.T3
3,4,0.1,False,2006.05148,S4.T3,2006.05148_S4.T3
4,4,0.1,False,2006.05148,S4.T3,2006.05148_S4.T3
5,4,0.1,False,2006.05148,S4.T3,2006.05148_S4.T3
6,4,0.1,False,2006.05148,S4.T3,2006.05148_S4.T3
7,4,0.1,False,2006.05148,S4.T3,2006.05148_S4.T3
8,4,0.1,False,2006.05148,S4.T3,2006.05148_S4.T3
9,4,0.1,False,2006.05148,S4.T3,2006.05148_S4.T3
10,4,0.1,False,2006.05148,S4.T3,2006.05148_S4.T3
1,5,0.1,False,2006.05148,S4.T4,2006.05148_S4.T4
2,5,0.1,False,2006.05148,S4.T4,2006.05148_S4.T4
3,5,0.1,False,2006.05148,S4.T4,2006.05148_S4.T4
4,5,0.1,False,2006.05148,S4.T4,2006.05148_S4.T4
5,5,0.1,False,2006.05148,S4.T4,2006.05148_S4.T4
6,5,0.1,False,2006.05148,S4.T4,2006.05148_S4.T4
7,5,0.1,False,2006.05148,S4.T4,2006.05148_S4.T4
8,5,0.1,False,2006.05148,S4.T4,2006.05148_S4.T4
9,5,0.1,False,2006.05148,S4.T4,2006.05148_S4.T4
10,5,0.75,True,2006.05148,S4.T4,2006.05148_S4.T4
1,6,0.1,False,2007.12004,S6.T1,2007.12004_S6.T1
2,6,0.1,False,2007.12004,S6.T1,2007.12004_S6.T1
3,6,0.1,False,2007.12004,S6.T1,2007.12004_S6.T1
4,6,0.1,False,2007.12004,S6.T1,2007.12004_S6.T1
5,6,0.1,False,2007.12004,S6.T1,2007.12004_S6.T1
6,6,0.1,False,2007.12004,S6.T1,2007.12004_S6.T1
7,6,0.1,False,2007.12004,S6.T1,2007.12004_S6.T1
8,6,0.85,True,2007.12004,S6.T1,2007.12004_S6.T1
9,6,0.1,False,2007.12004,S6.T1,2007.12004_S6.T1
10,6,0.1,False,2007.12004,S6.T1,2007.12004_S6.T1
1,7,0.1,False,2208.07900,S2.E1,2208.07900_S2.E1
2,7,0.0,False,2208.07900,S2.E1,2208.07900_S2.E1
3,7,0.1,False,2208.07900,S2.E1,2208.07900_S2.E1
4,7,0.1,False,2208.07900,S2.E1,2208.07900_S2.E1
5,7,0.1,False,2208.07900,S2.E1,2208.07900_S2.E1
6,7,0.1,False,2208.07900,S2.E1,2208.07900_S2.E1
7,7,0.1,False,2208.07900,S2.E1,2208.07900_S2.E1
8,7,0.1,False,2208.07900,S2.E1,2208.07900_S2.E1
9,7,0.1,False,2208.07900,S2.E1,2208.07900_S2.E1
10,7,0.1,False,2208.07900,S2.E1,2208.07900_S2.E1
1,8,0.1,False,2208.07900,S2.E2,2208.07900_S2.E2
2,8,0.1,False,2208.07900,S2.E2,2208.07900_S2.E2
3,8,0.1,False,2208.07900,S2.E2,2208.07900_S2.E2
4,8,0.1,False,2208.07900,S2.E2,2208.07900_S2.E2
5,8,0.1,False,2208.07900,S2.E2,2208.07900_S2.E2
6,8,0.1,False,2208.07900,S2.E2,2208.07900_S2.E2
7,8,0.1,False,2208.07900,S2.E2,2208.07900_S2.E2
8,8,0.1,False,2208.07900,S2.E2,2208.07900_S2.E2
9,8,0.1,False,2208.07900,S2.E2,2208.07900_S2.E2
10,8,0.1,False,2208.07900,S2.E2,2208.07900_S2.E2
1,9,0.1,False,2208.07900,S2.Ex1,2208.07900_S2.Ex1
2,9,0.1,False,2208.07900,S2.Ex1,2208.07900_S2.Ex1
3,9,0.1,False,2208.07900,S2.Ex1,2208.07900_S2.Ex1
4,9,0.1,False,2208.07900,S2.Ex1,2208.07900_S2.Ex1
5,9,0.1,False,2208.07900,S2.Ex1,2208.07900_S2.Ex1
6,9,0.1,False,2208.07900,S2.Ex1,2208.07900_S2.Ex1
7,9,0.75,True,2208.07900,S2.Ex1,2208.07900_S2.Ex1
8,9,0.1,False,2208.07900,S2.Ex1,2208.07900_S2.Ex1
9,9,0.7,True,2208.07900,S2.Ex1,2208.07900_S2.Ex1
10,9,0.1,False,2208.07900,S2.Ex1,2208.07900_S2.Ex1
1,10,0.1,False,2208.07900,S3.E3,2208.07900_S3.E3
2,10,0.1,False,2208.07900,S3.E3,2208.07900_S3.E3
3,10,0.2,True,2208.07900,S3.E3,2208.07900_S3.E3
4,10,0.1,False,2208.07900,S3.E3,2208.07900_S3.E3
5,10,0.1,False,2208.07900,S3.E3,2208.07900_S3.E3
6,10,0.1,False,2208.07900,S3.E3,2208.07900_S3.E3
7,10,0.1,False,2208.07900,S3.E3,2208.07900_S3.E3
8,10,0.1,False,2208.07900,S3.E3,2208.07900_S3.E3
9,10,0.1,False,2208.07900,S3.E3,2208.07900_S3.E3
10,10,0.1,False,2208.07900,S3.E3,2208.07900_S3.E3
1,11,0.1,False,2208.07900,S3.E4,2208.07900_S3.E4
2,11,0.1,False,2208.07900,S3.E4,2208.07900_S3.E4
3,11,0.1,False,2208.07900,S3.E4,2208.07900_S3.E4
4,11,0.1,False,2208.07900,S3.E4,2208.07900_S3.E4
5,11,0.1,False,2208.07900,S3.E4,2208.07900_S3.E4
6,11,0.1,False,2208.07900,S3.E4,2208.07900_S3.E4
7,11,0.1,False,2208.07900,S3.E4,2208.07900_S3.E4
8,11,0.6,True,2208.07900,S3.E4,2208.07900_S3.E4
9,11,0.1,False,2208.07900,S3.E4,2208.07900_S3.E4
10,11,0.1,False,2208.07900,S3.E4,2208.07900_S3.E4
1,12,0.1,False,2208.07900,S3.E5,2208.07900_S3.E5
2,12,0.0,False,2208.07900,S3.E5,2208.07900_S3.E5
3,12,0.1,False,2208.07900,S3.E5,2208.07900_S3.E5
4,12,0.1,False,2208.07900,S3.E5,2208.07900_S3.E5
5,12,0.1,False,2208.07900,S3.E5,2208.07900_S3.E5
6,12,0.1,False,2208.07900,S3.E5,2208.07900_S3.E5
7,12,0.1,False,2208.07900,S3.E5,2208.07900_S3.E5
8,12,0.1,False,2208.07900,S3.E5,2208.07900_S3.E5
9,12,0.7,True,2208.07900,S3.E5,2208.07900_S3.E5
10,12,0.1,False,2208.07900,S3.E5,2208.07900_S3.E5
1,13,0.1,False,2208.07900,S3.E6,2208.07900_S3.E6
2,13,0.05,False,2208.07900,S3.E6,2208.07900_S3.E6
3,13,0.1,False,2208.07900,S3.E6,2208.07900_S3.E6
4,13,0.1,False,2208.07900,S3.E6,2208.07900_S3.E6
5,13,0.1,False,2208.07900,S3.E6,2208.07900_S3.E6
6,13,0.1,False,2208.07900,S3.E6,2208.07900_S3.E6
7,13,0.1,False,2208.07900,S3.E6,2208.07900_S3.E6
8,13,0.1,False,2208.07900,S3.E6,2208.07900_S3.E6
9,13,0.1,False,2208.07900,S3.E6,2208.07900_S3.E6
10,13,0.1,False,2208.07900,S3.E6,2208.07900_S3.E6
1,14,0.1,False,2208.07900,S3.E7,2208.07900_S3.E7
2,14,0.05,False,2208.07900,S3.E7,2208.07900_S3.E7
3,14,0.1,False,2208.07900,S3.E7,2208.07900_S3.E7
4,14,0.1,False,2208.07900,S3.E7,2208.07900_S3.E7
5,14,0.2,True,2208.07900,S3.E7,2208.07900_S3.E7
6,14,0.1,False,2208.07900,S3.E7,2208.07900_S3.E7
7,14,0.75,True,2208.07900,S3.E7,2208.07900_S3.E7
8,14,0.1,False,2208.07900,S3.E7,2208.07900_S3.E7
9,14,0.1,False,2208.07900,S3.E7,2208.07900_S3.E7
10,14,0.1,False,2208.07900,S3.E7,2208.07900_S3.E7
1,15,0.1,False,2208.07900,S3.E8,2208.07900_S3.E8
2,15,0.0,False,2208.07900,S3.E8,2208.07900_S3.E8
3,15,0.1,False,2208.07900,S3.E8,2208.07900_S3.E8
4,15,0.1,False,2208.07900,S3.E8,2208.07900_S3.E8
5,15,0.2,True,2208.07900,S3.E8,2208.07900_S3.E8
6,15,0.1,False,2208.07900,S3.E8,2208.07900_S3.E8
7,15,0.1,False,2208.07900,S3.E8,2208.07900_S3.E8
8,15,0.1,False,2208.07900,S3.E8,2208.07900_S3.E8
9,15,0.1,False,2208.07900,S3.E8,2208.07900_S3.E8
10,15,0.1,False,2208.07900,S3.E8,2208.07900_S3.E8
1,16,0.1,False,2208.07900,S4.E9,2208.07900_S4.E9
2,16,0.1,False,2208.07900,S4.E9,2208.07900_S4.E9
3,16,0.6,True,2208.07900,S4.E9,2208.07900_S4.E9
4,16,0.1,False,2208.07900,S4.E9,2208.07900_S4.E9
5,16,0.1,False,2208.07900,S4.E9,2208.07900_S4.E9
6,16,0.6,True,2208.07900,S4.E9,2208.07900_S4.E9
7,16,0.1,False,2208.07900,S4.E9,2208.07900_S4.E9
8,16,0.7,True,2208.07900,S4.E9,2208.07900_S4.E9
9,16,0.7,True,2208.07900,S4.E9,2208.07900_S4.E9
10,16,0.1,False,2208.07900,S4.E9,2208.07900_S4.E9
1,17,0.1,False,2208.07900,S4.Ex2,2208.07900_S4.Ex2
2,17,0.05,False,2208.07900,S4.Ex2,2208.07900_S4.Ex2
3,17,0.1,False,2208.07900,S4.Ex2,2208.07900_S4.Ex2
4,17,0.1,False,2208.07900,S4.Ex2,2208.07900_S4.Ex2
5,17,0.1,False,2208.07900,S4.Ex2,2208.07900_S4.Ex2
6,17,0.1,False,2208.07900,S4.Ex2,2208.07900_S4.Ex2
7,17,0.1,False,2208.07900,S4.Ex2,2208.07900_S4.Ex2
8,17,0.1,False,2208.07900,S4.Ex2,2208.07900_S4.Ex2
9,17,0.6,True,2208.07900,S4.Ex2,2208.07900_S4.Ex2
10,17,0.1,False,2208.07900,S4.Ex2,2208.07900_S4.Ex2
1,18,0.1,False,2208.07900,S4.T1.2,2208.07900_S4.T1.2
2,18,0.0,False,2208.07900,S4.T1.2,2208.07900_S4.T1.2
3,18,0.1,False,2208.07900,S4.T1.2,2208.07900_S4.T1.2
4,18,0.1,False,2208.07900,S4.T1.2,2208.07900_S4.T1.2
5,18,0.1,False,2208.07900,S4.T1.2,2208.07900_S4.T1.2
6,18,0.1,False,2208.07900,S4.T1.2,2208.07900_S4.T1.2
7,18,0.1,False,2208.07900,S4.T1.2,2208.07900_S4.T1.2
8,18,0.1,False,2208.07900,S4.T1.2,2208.07900_S4.T1.2
9,18,0.1,False,2208.07900,S4.T1.2,2208.07900_S4.T1.2
10,18,0.1,False,2208.07900,S4.T1.2,2208.07900_S4.T1.2
1,19,0.1,False,2208.07900,S5.T2.15,2208.07900_S5.T2.15
2,19,0.0,False,2208.07900,S5.T2.15,2208.07900_S5.T2.15
3,19,0.1,False,2208.07900,S5.T2.15,2208.07900_S5.T2.15
4,19,0.0,False,2208.07900,S5.T2.15,2208.07900_S5.T2.15
5,19,0.1,False,2208.07900,S5.T2.15,2208.07900_S5.T2.15
6,19,0.1,False,2208.07900,S5.T2.15,2208.07900_S5.T2.15
7,19,0.1,False,2208.07900,S5.T2.15,2208.07900_S5.T2.15
8,19,0.1,False,2208.07900,S5.T2.15,2208.07900_S5.T2.15
9,19,0.1,False,2208.07900,S5.T2.15,2208.07900_S5.T2.15
10,19,0.1,False,2208.07900,S5.T2.15,2208.07900_S5.T2.15
1,20,0.1,False,2208.07900,S5.T3.7,2208.07900_S5.T3.7
2,20,0.0,False,2208.07900,S5.T3.7,2208.07900_S5.T3.7
3,20,0.1,False,2208.07900,S5.T3.7,2208.07900_S5.T3.7
4,20,0.1,False,2208.07900,S5.T3.7,2208.07900_S5.T3.7
5,20,0.1,False,2208.07900,S5.T3.7,2208.07900_S5.T3.7
6,20,0.1,False,2208.07900,S5.T3.7,2208.07900_S5.T3.7
7,20,0.1,False,2208.07900,S5.T3.7,2208.07900_S5.T3.7
8,20,0.1,False,2208.07900,S5.T3.7,2208.07900_S5.T3.7
9,20,0.1,False,2208.07900,S5.T3.7,2208.07900_S5.T3.7
10,20,0.1,False,2208.07900,S5.T3.7,2208.07900_S5.T3.7
1,21,0.1,False,2208.07900,A3.Ex3,2208.07900_A3.Ex3
2,21,0.1,False,2208.07900,A3.Ex3,2208.07900_A3.Ex3
3,21,0.1,False,2208.07900,A3.Ex3,2208.07900_A3.Ex3
4,21,0.1,False,2208.07900,A3.Ex3,2208.07900_A3.Ex3
5,21,0.1,False,2208.07900,A3.Ex3,2208.07900_A3.Ex3
6,21,0.1,False,2208.07900,A3.Ex3,2208.07900_A3.Ex3
7,21,0.1,False,2208.07900,A3.Ex3,2208.07900_A3.Ex3
8,21,0.1,False,2208.07900,A3.Ex3,2208.07900_A3.Ex3
9,21,0.65,True,2208.07900,A3.Ex3,2208.07900_A3.Ex3
10,21,0.1,False,2208.07900,A3.Ex3,2208.07900_A3.Ex3
1,22,0.1,False,2208.07900,A4.T4.15,2208.07900_A4.T4.15
2,22,0.1,False,2208.07900,A4.T4.15,2208.07900_A4.T4.15
3,22,0.1,False,2208.07900,A4.T4.15,2208.07900_A4.T4.15
4,22,0.1,False,2208.07900,A4.T4.15,2208.07900_A4.T4.15
5,22,0.1,False,2208.07900,A4.T4.15,2208.07900_A4.T4.15
6,22,0.1,False,2208.07900,A4.T4.15,2208.07900_A4.T4.15
7,22,0.1,False,2208.07900,A4.T4.15,2208.07900_A4.T4.15
8,22,0.1,False,2208.07900,A4.T4.15,2208.07900_A4.T4.15
9,22,0.1,False,2208.07900,A4.T4.15,2208.07900_A4.T4.15
10,22,0.1,False,2208.07900,A4.T4.15,2208.07900_A4.T4.15
1,23,0.1,False,2208.07900,A5.T5.4,2208.07900_A5.T5.4
2,23,0.0,False,2208.07900,A5.T5.4,2208.07900_A5.T5.4
3,23,0.1,False,2208.07900,A5.T5.4,2208.07900_A5.T5.4
4,23,0.0,False,2208.07900,A5.T5.4,2208.07900_A5.T5.4
5,23,0.1,False,2208.07900,A5.T5.4,2208.07900_A5.T5.4
6,23,0.1,False,2208.07900,A5.T5.4,2208.07900_A5.T5.4
7,23,0.1,False,2208.07900,A5.T5.4,2208.07900_A5.T5.4
8,23,0.1,False,2208.07900,A5.T5.4,2208.07900_A5.T5.4
9,23,0.1,False,2208.07900,A5.T5.4,2208.07900_A5.T5.4
10,23,0.1,False,2208.07900,A5.T5.4,2208.07900_A5.T5.4
1,24,0.1,False,2208.07900,A5.T6.18,2208.07900_A5.T6.18
2,24,0.0,False,2208.07900,A5.T6.18,2208.07900_A5.T6.18
3,24,0.1,False,2208.07900,A5.T6.18,2208.07900_A5.T6.18
4,24,0.1,False,2208.07900,A5.T6.18,2208.07900_A5.T6.18
5,24,0.1,False,2208.07900,A5.T6.18,2208.07900_A5.T6.18
6,24,0.1,False,2208.07900,A5.T6.18,2208.07900_A5.T6.18
7,24,0.1,False,2208.07900,A5.T6.18,2208.07900_A5.T6.18
8,24,0.1,False,2208.07900,A5.T6.18,2208.07900_A5.T6.18
9,24,0.1,False,2208.07900,A5.T6.18,2208.07900_A5.T6.18
10,24,0.1,False,2208.07900,A5.T6.18,2208.07900_A5.T6.18
1,25,0.1,False,2208.07900,A6.T7.6,2208.07900_A6.T7.6
2,25,0.1,False,2208.07900,A6.T7.6,2208.07900_A6.T7.6
3,25,0.1,False,2208.07900,A6.T7.6,2208.07900_A6.T7.6
4,25,0.1,False,2208.07900,A6.T7.6,2208.07900_A6.T7.6
5,25,0.1,False,2208.07900,A6.T7.6,2208.07900_A6.T7.6
6,25,0.1,False,2208.07900,A6.T7.6,2208.07900_A6.T7.6
7,25,0.1,False,2208.07900,A6.T7.6,2208.07900_A6.T7.6
8,25,0.1,False,2208.07900,A6.T7.6,2208.07900_A6.T7.6
9,25,0.1,False,2208.07900,A6.T7.6,2208.07900_A6.T7.6
10,25,0.1,False,2208.07900,A6.T7.6,2208.07900_A6.T7.6
1,26,0.1,False,2208.07900,A7.T8.6,2208.07900_A7.T8.6
2,26,0.1,False,2208.07900,A7.T8.6,2208.07900_A7.T8.6
3,26,0.1,False,2208.07900,A7.T8.6,2208.07900_A7.T8.6
4,26,0.1,False,2208.07900,A7.T8.6,2208.07900_A7.T8.6
5,26,0.1,False,2208.07900,A7.T8.6,2208.07900_A7.T8.6
6,26,0.1,False,2208.07900,A7.T8.6,2208.07900_A7.T8.6
7,26,0.1,False,2208.07900,A7.T8.6,2208.07900_A7.T8.6
8,26,0.1,False,2208.07900,A7.T8.6,2208.07900_A7.T8.6
9,26,0.1,False,2208.07900,A7.T8.6,2208.07900_A7.T8.6
10,26,0.1,False,2208.07900,A7.T8.6,2208.07900_A7.T8.6
1,27,0.1,False,2208.07900,A7.T9.4,2208.07900_A7.T9.4
2,27,0.1,False,2208.07900,A7.T9.4,2208.07900_A7.T9.4
3,27,0.6,True,2208.07900,A7.T9.4,2208.07900_A7.T9.4
4,27,0.1,False,2208.07900,A7.T9.4,2208.07900_A7.T9.4
5,27,0.1,False,2208.07900,A7.T9.4,2208.07900_A7.T9.4
6,27,0.1,False,2208.07900,A7.T9.4,2208.07900_A7.T9.4
7,27,0.6,True,2208.07900,A7.T9.4,2208.07900_A7.T9.4
8,27,0.1,False,2208.07900,A7.T9.4,2208.07900_A7.T9.4
9,27,0.1,False,2208.07900,A7.T9.4,2208.07900_A7.T9.4
10,27,0.1,False,2208.07900,A7.T9.4,2208.07900_A7.T9.4
1,28,0.1,False,2211.15217,S6.T1,2211.15217_S6.T1
2,28,0.1,False,2211.15217,S6.T1,2211.15217_S6.T1
3,28,0.1,False,2211.15217,S6.T1,2211.15217_S6.T1
4,28,0.1,False,2211.15217,S6.T1,2211.15217_S6.T1
5,28,0.1,False,2211.15217,S6.T1,2211.15217_S6.T1
6,28,0.1,False,2211.15217,S6.T1,2211.15217_S6.T1
7,28,0.1,False,2211.15217,S6.T1,2211.15217_S6.T1
8,28,0.1,False,2211.15217,S6.T1,2211.15217_S6.T1
9,28,0.1,False,2211.15217,S6.T1,2211.15217_S6.T1
10,28,0.1,False,2211.15217,S6.T1,2211.15217_S6.T1
1,29,0.1,False,2211.15217,S6.T2,2211.15217_S6.T2
2,29,0.0,False,2211.15217,S6.T2,2211.15217_S6.T2
3,29,0.1,False,2211.15217,S6.T2,2211.15217_S6.T2
4,29,0.1,False,2211.15217,S6.T2,2211.15217_S6.T2
5,29,0.1,False,2211.15217,S6.T2,2211.15217_S6.T2
6,29,0.1,False,2211.15217,S6.T2,2211.15217_S6.T2
7,29,0.1,False,2211.15217,S6.T2,2211.15217_S6.T2
8,29,0.1,False,2211.15217,S6.T2,2211.15217_S6.T2
9,29,0.1,False,2211.15217,S6.T2,2211.15217_S6.T2
10,29,0.1,False,2211.15217,S6.T2,2211.15217_S6.T2
1,30,0.1,False,2211.15217,S6.T3,2211.15217_S6.T3
2,30,0.1,False,2211.15217,S6.T3,2211.15217_S6.T3
3,30,0.6,True,2211.15217,S6.T3,2211.15217_S6.T3
4,30,0.1,False,2211.15217,S6.T3,2211.15217_S6.T3
5,30,0.1,False,2211.15217,S6.T3,2211.15217_S6.T3
6,30,0.1,False,2211.15217,S6.T3,2211.15217_S6.T3
7,30,0.1,False,2211.15217,S6.T3,2211.15217_S6.T3
8,30,0.1,False,2211.15217,S6.T3,2211.15217_S6.T3
9,30,0.1,False,2211.15217,S6.T3,2211.15217_S6.T3
10,30,0.1,False,2211.15217,S6.T3,2211.15217_S6.T3
1,31,0.1,False,2211.15217,S6.T4,2211.15217_S6.T4
2,31,0.1,False,2211.15217,S6.T4,2211.15217_S6.T4
3,31,0.7,True,2211.15217,S6.T4,2211.15217_S6.T4
4,31,0.1,False,2211.15217,S6.T4,2211.15217_S6.T4
5,31,0.1,False,2211.15217,S6.T4,2211.15217_S6.T4
6,31,0.1,False,2211.15217,S6.T4,2211.15217_S6.T4
7,31,0.1,False,2211.15217,S6.T4,2211.15217_S6.T4
8,31,0.1,False,2211.15217,S6.T4,2211.15217_S6.T4
9,31,0.1,False,2211.15217,S6.T4,2211.15217_S6.T4
10,31,0.1,False,2211.15217,S6.T4,2211.15217_S6.T4
1,32,0.1,False,2211.15217,S6.T5,2211.15217_S6.T5
2,32,0.1,False,2211.15217,S6.T5,2211.15217_S6.T5
3,32,0.6,True,2211.15217,S6.T5,2211.15217_S6.T5
4,32,0.1,False,2211.15217,S6.T5,2211.15217_S6.T5
5,32,0.1,False,2211.15217,S6.T5,2211.15217_S6.T5
6,32,0.6,True,2211.15217,S6.T5,2211.15217_S6.T5
7,32,0.1,False,2211.15217,S6.T5,2211.15217_S6.T5
8,32,0.1,False,2211.15217,S6.T5,2211.15217_S6.T5
9,32,0.1,False,2211.15217,S6.T5,2211.15217_S6.T5
10,32,0.1,False,2211.15217,S6.T5,2211.15217_S6.T5
1,33,0.1,False,2211.15217,S6.T6,2211.15217_S6.T6
2,33,0.1,False,2211.15217,S6.T6,2211.15217_S6.T6
3,33,0.1,False,2211.15217,S6.T6,2211.15217_S6.T6
4,33,0.1,False,2211.15217,S6.T6,2211.15217_S6.T6
5,33,0.1,False,2211.15217,S6.T6,2211.15217_S6.T6
6,33,0.1,False,2211.15217,S6.T6,2211.15217_S6.T6
7,33,0.1,False,2211.15217,S6.T6,2211.15217_S6.T6
8,33,0.1,False,2211.15217,S6.T6,2211.15217_S6.T6
9,33,0.1,False,2211.15217,S6.T6,2211.15217_S6.T6
10,33,0.1,False,2211.15217,S6.T6,2211.15217_S6.T6
1,34,0.1,False,2211.15217,A1.T7,2211.15217_A1.T7
2,34,0.1,False,2211.15217,A1.T7,2211.15217_A1.T7
3,34,0.6,True,2211.15217,A1.T7,2211.15217_A1.T7
4,34,0.1,False,2211.15217,A1.T7,2211.15217_A1.T7
5,34,0.1,False,2211.15217,A1.T7,2211.15217_A1.T7
6,34,0.1,False,2211.15217,A1.T7,2211.15217_A1.T7
7,34,0.1,False,2211.15217,A1.T7,2211.15217_A1.T7
8,34,0.1,False,2211.15217,A1.T7,2211.15217_A1.T7
9,34,0.1,False,2211.15217,A1.T7,2211.15217_A1.T7
10,34,0.1,False,2211.15217,A1.T7,2211.15217_A1.T7
1,35,0.1,False,2211.15217,A1.T8,2211.15217_A1.T8
2,35,0.1,False,2211.15217,A1.T8,2211.15217_A1.T8
3,35,0.1,False,2211.15217,A1.T8,2211.15217_A1.T8
4,35,0.1,False,2211.15217,A1.T8,2211.15217_A1.T8
5,35,0.1,False,2211.15217,A1.T8,2211.15217_A1.T8
6,35,0.1,False,2211.15217,A1.T8,2211.15217_A1.T8
7,35,0.1,False,2211.15217,A1.T8,2211.15217_A1.T8
8,35,0.1,False,2211.15217,A1.T8,2211.15217_A1.T8
9,35,0.1,False,2211.15217,A1.T8,2211.15217_A1.T8
10,35,0.1,False,2211.15217,A1.T8,2211.15217_A1.T8
1,36,0.1,False,2211.15217,A1.T9,2211.15217_A1.T9
2,36,0.05,False,2211.15217,A1.T9,2211.15217_A1.T9
3,36,0.1,False,2211.15217,A1.T9,2211.15217_A1.T9
4,36,0.1,False,2211.15217,A1.T9,2211.15217_A1.T9
5,36,0.1,False,2211.15217,A1.T9,2211.15217_A1.T9
6,36,0.1,False,2211.15217,A1.T9,2211.15217_A1.T9
7,36,0.1,False,2211.15217,A1.T9,2211.15217_A1.T9
8,36,0.1,False,2211.15217,A1.T9,2211.15217_A1.T9
9,36,0.1,False,2211.15217,A1.T9,2211.15217_A1.T9
10,36,0.1,False,2211.15217,A1.T9,2211.15217_A1.T9
1,37,0.1,False,2211.15217,A1.T10,2211.15217_A1.T10
2,37,0.1,False,2211.15217,A1.T10,2211.15217_A1.T10
3,37,0.1,False,2211.15217,A1.T10,2211.15217_A1.T10
4,37,0.1,False,2211.15217,A1.T10,2211.15217_A1.T10
5,37,0.1,False,2211.15217,A1.T10,2211.15217_A1.T10
6,37,0.1,False,2211.15217,A1.T10,2211.15217_A1.T10
7,37,0.1,False,2211.15217,A1.T10,2211.15217_A1.T10
8,37,0.1,False,2211.15217,A1.T10,2211.15217_A1.T10
9,37,0.1,False,2211.15217,A1.T10,2211.15217_A1.T10
10,37,0.1,False,2211.15217,A1.T10,2211.15217_A1.T10
1,38,0.1,False,2211.15217,A1.T11,2211.15217_A1.T11
2,38,0.1,False,2211.15217,A1.T11,2211.15217_A1.T11
3,38,0.1,False,2211.15217,A1.T11,2211.15217_A1.T11
4,38,0.1,False,2211.15217,A1.T11,2211.15217_A1.T11
5,38,0.1,False,2211.15217,A1.T11,2211.15217_A1.T11
6,38,0.1,False,2211.15217,A1.T11,2211.15217_A1.T11
7,38,0.1,False,2211.15217,A1.T11,2211.15217_A1.T11
8,38,0.1,False,2211.15217,A1.T11,2211.15217_A1.T11
9,38,0.1,False,2211.15217,A1.T11,2211.15217_A1.T11
10,38,0.1,False,2211.15217,A1.T11,2211.15217_A1.T11
1,39,0.9,True,2301.10799v2,S3.T1,2301.10799v2_S3.T1
2,39,0.1,False,2301.10799v2,S3.T1,2301.10799v2_S3.T1
3,39,0.8,True,2301.10799v2,S3.T1,2301.10799v2_S3.T1
4,39,0.85,True,2301.10799v2,S3.T1,2301.10799v2_S3.T1
5,39,0.1,False,2301.10799v2,S3.T1,2301.10799v2_S3.T1
6,39,0.1,False,2301.10799v2,S3.T1,2301.10799v2_S3.T1
7,39,0.1,False,2301.10799v2,S3.T1,2301.10799v2_S3.T1
8,39,0.1,False,2301.10799v2,S3.T1,2301.10799v2_S3.T1
9,39,0.9,True,2301.10799v2,S3.T1,2301.10799v2_S3.T1
10,39,0.1,False,2301.10799v2,S3.T1,2301.10799v2_S3.T1
1,40,0.1,False,2301.10799v2,S3.T2,2301.10799v2_S3.T2
2,40,0.0,False,2301.10799v2,S3.T2,2301.10799v2_S3.T2
3,40,0.6,True,2301.10799v2,S3.T2,2301.10799v2_S3.T2
4,40,0.1,False,2301.10799v2,S3.T2,2301.10799v2_S3.T2
5,40,0.1,False,2301.10799v2,S3.T2,2301.10799v2_S3.T2
6,40,0.1,False,2301.10799v2,S3.T2,2301.10799v2_S3.T2
7,40,0.1,False,2301.10799v2,S3.T2,2301.10799v2_S3.T2
8,40,0.1,False,2301.10799v2,S3.T2,2301.10799v2_S3.T2
9,40,0.7,True,2301.10799v2,S3.T2,2301.10799v2_S3.T2
10,40,0.1,False,2301.10799v2,S3.T2,2301.10799v2_S3.T2
1,41,0.1,False,2301.10799v2,S5.T3,2301.10799v2_S5.T3
2,41,0.1,False,2301.10799v2,S5.T3,2301.10799v2_S5.T3
3,41,0.7,True,2301.10799v2,S5.T3,2301.10799v2_S5.T3
4,41,0.6,True,2301.10799v2,S5.T3,2301.10799v2_S5.T3
5,41,0.1,False,2301.10799v2,S5.T3,2301.10799v2_S5.T3
6,41,0.1,False,2301.10799v2,S5.T3,2301.10799v2_S5.T3
7,41,0.1,False,2301.10799v2,S5.T3,2301.10799v2_S5.T3
8,41,0.1,False,2301.10799v2,S5.T3,2301.10799v2_S5.T3
9,41,0.85,True,2301.10799v2,S5.T3,2301.10799v2_S5.T3
10,41,0.1,False,2301.10799v2,S5.T3,2301.10799v2_S5.T3
1,42,0.7,True,2301.10799v2,A2.T4,2301.10799v2_A2.T4
2,42,0.1,False,2301.10799v2,A2.T4,2301.10799v2_A2.T4
3,42,0.6,True,2301.10799v2,A2.T4,2301.10799v2_A2.T4
4,42,0.8,True,2301.10799v2,A2.T4,2301.10799v2_A2.T4
5,42,0.1,False,2301.10799v2,A2.T4,2301.10799v2_A2.T4
6,42,0.1,False,2301.10799v2,A2.T4,2301.10799v2_A2.T4
7,42,0.1,False,2301.10799v2,A2.T4,2301.10799v2_A2.T4
8,42,0.1,False,2301.10799v2,A2.T4,2301.10799v2_A2.T4
9,42,0.85,True,2301.10799v2,A2.T4,2301.10799v2_A2.T4
10,42,0.1,False,2301.10799v2,A2.T4,2301.10799v2_A2.T4
1,43,0.1,False,2301.10799v2,A3.T5,2301.10799v2_A3.T5
2,43,0.0,False,2301.10799v2,A3.T5,2301.10799v2_A3.T5
3,43,0.7,True,2301.10799v2,A3.T5,2301.10799v2_A3.T5
4,43,0.1,False,2301.10799v2,A3.T5,2301.10799v2_A3.T5
5,43,0.1,False,2301.10799v2,A3.T5,2301.10799v2_A3.T5
6,43,0.1,False,2301.10799v2,A3.T5,2301.10799v2_A3.T5
7,43,0.1,False,2301.10799v2,A3.T5,2301.10799v2_A3.T5
8,43,0.1,False,2301.10799v2,A3.T5,2301.10799v2_A3.T5
9,43,0.1,False,2301.10799v2,A3.T5,2301.10799v2_A3.T5
10,43,0.1,False,2301.10799v2,A3.T5,2301.10799v2_A3.T5
1,44,0.1,False,2301.10799v2,A3.T6,2301.10799v2_A3.T6
2,44,0.0,False,2301.10799v2,A3.T6,2301.10799v2_A3.T6
3,44,0.6,True,2301.10799v2,A3.T6,2301.10799v2_A3.T6
4,44,0.1,False,2301.10799v2,A3.T6,2301.10799v2_A3.T6
5,44,0.1,False,2301.10799v2,A3.T6,2301.10799v2_A3.T6
6,44,0.1,False,2301.10799v2,A3.T6,2301.10799v2_A3.T6
7,44,0.1,False,2301.10799v2,A3.T6,2301.10799v2_A3.T6
8,44,0.1,False,2301.10799v2,A3.T6,2301.10799v2_A3.T6
9,44,0.1,False,2301.10799v2,A3.T6,2301.10799v2_A3.T6
10,44,0.1,False,2301.10799v2,A3.T6,2301.10799v2_A3.T6
1,45,0.8,True,2301.10799v2,A6.T7,2301.10799v2_A6.T7
2,45,0.1,False,2301.10799v2,A6.T7,2301.10799v2_A6.T7
3,45,0.8,True,2301.10799v2,A6.T7,2301.10799v2_A6.T7
4,45,0.9,True,2301.10799v2,A6.T7,2301.10799v2_A6.T7
5,45,0.1,False,2301.10799v2,A6.T7,2301.10799v2_A6.T7
6,45,0.1,False,2301.10799v2,A6.T7,2301.10799v2_A6.T7
7,45,0.1,False,2301.10799v2,A6.T7,2301.10799v2_A6.T7
8,45,0.1,False,2301.10799v2,A6.T7,2301.10799v2_A6.T7
9,45,0.95,True,2301.10799v2,A6.T7,2301.10799v2_A6.T7
10,45,0.1,False,2301.10799v2,A6.T7,2301.10799v2_A6.T7
1,46,0.6,True,2301.10799v2,A6.T8,2301.10799v2_A6.T8
2,46,0.0,False,2301.10799v2,A6.T8,2301.10799v2_A6.T8
3,46,0.7,True,2301.10799v2,A6.T8,2301.10799v2_A6.T8
4,46,0.7,True,2301.10799v2,A6.T8,2301.10799v2_A6.T8
5,46,0.1,False,2301.10799v2,A6.T8,2301.10799v2_A6.T8
6,46,0.1,False,2301.10799v2,A6.T8,2301.10799v2_A6.T8
7,46,0.1,False,2301.10799v2,A6.T8,2301.10799v2_A6.T8
8,46,0.1,False,2301.10799v2,A6.T8,2301.10799v2_A6.T8
9,46,0.8,True,2301.10799v2,A6.T8,2301.10799v2_A6.T8
10,46,0.1,False,2301.10799v2,A6.T8,2301.10799v2_A6.T8
1,47,0.85,True,2301.10799v2,A6.T9,2301.10799v2_A6.T9
2,47,0.0,False,2301.10799v2,A6.T9,2301.10799v2_A6.T9
3,47,0.7,True,2301.10799v2,A6.T9,2301.10799v2_A6.T9
4,47,0.85,True,2301.10799v2,A6.T9,2301.10799v2_A6.T9
5,47,0.1,False,2301.10799v2,A6.T9,2301.10799v2_A6.T9
6,47,0.1,False,2301.10799v2,A6.T9,2301.10799v2_A6.T9
7,47,0.1,False,2301.10799v2,A6.T9,2301.10799v2_A6.T9
8,47,0.1,False,2301.10799v2,A6.T9,2301.10799v2_A6.T9
9,47,0.95,True,2301.10799v2,A6.T9,2301.10799v2_A6.T9
10,47,0.1,False,2301.10799v2,A6.T9,2301.10799v2_A6.T9
1,48,0.1,False,2302.12156,S5.T1,2302.12156_S5.T1
2,48,0.4,True,2302.12156,S5.T1,2302.12156_S5.T1
3,48,0.8,True,2302.12156,S5.T1,2302.12156_S5.T1
4,48,0.1,False,2302.12156,S5.T1,2302.12156_S5.T1
5,48,0.1,False,2302.12156,S5.T1,2302.12156_S5.T1
6,48,0.1,False,2302.12156,S5.T1,2302.12156_S5.T1
7,48,0.1,False,2302.12156,S5.T1,2302.12156_S5.T1
8,48,0.1,False,2302.12156,S5.T1,2302.12156_S5.T1
9,48,0.1,False,2302.12156,S5.T1,2302.12156_S5.T1
10,48,0.6,True,2302.12156,S5.T1,2302.12156_S5.T1
1,49,0.85,True,2303.05977v2,S4.T1,2303.05977v2_S4.T1
2,49,0.05,False,2303.05977v2,S4.T1,2303.05977v2_S4.T1
3,49,0.7,True,2303.05977v2,S4.T1,2303.05977v2_S4.T1
4,49,0.9,True,2303.05977v2,S4.T1,2303.05977v2_S4.T1
5,49,0.1,False,2303.05977v2,S4.T1,2303.05977v2_S4.T1
6,49,0.1,False,2303.05977v2,S4.T1,2303.05977v2_S4.T1
7,49,0.1,False,2303.05977v2,S4.T1,2303.05977v2_S4.T1
8,49,0.1,False,2303.05977v2,S4.T1,2303.05977v2_S4.T1
9,49,0.9,True,2303.05977v2,S4.T1,2303.05977v2_S4.T1
10,49,0.1,False,2303.05977v2,S4.T1,2303.05977v2_S4.T1
1,50,0.7,True,2303.05977v2,S5.T2,2303.05977v2_S5.T2
2,50,0.0,False,2303.05977v2,S5.T2,2303.05977v2_S5.T2
3,50,0.7,True,2303.05977v2,S5.T2,2303.05977v2_S5.T2
4,50,0.1,False,2303.05977v2,S5.T2,2303.05977v2_S5.T2
5,50,0.1,False,2303.05977v2,S5.T2,2303.05977v2_S5.T2
6,50,0.1,False,2303.05977v2,S5.T2,2303.05977v2_S5.T2
7,50,0.1,False,2303.05977v2,S5.T2,2303.05977v2_S5.T2
8,50,0.1,False,2303.05977v2,S5.T2,2303.05977v2_S5.T2
9,50,0.7,True,2303.05977v2,S5.T2,2303.05977v2_S5.T2
10,50,0.1,False,2303.05977v2,S5.T2,2303.05977v2_S5.T2
1,51,0.85,True,2303.05977v2,S5.T3,2303.05977v2_S5.T3
2,51,0.1,False,2303.05977v2,S5.T3,2303.05977v2_S5.T3
3,51,0.75,True,2303.05977v2,S5.T3,2303.05977v2_S5.T3
4,51,0.8,True,2303.05977v2,S5.T3,2303.05977v2_S5.T3
5,51,0.1,False,2303.05977v2,S5.T3,2303.05977v2_S5.T3
6,51,0.1,False,2303.05977v2,S5.T3,2303.05977v2_S5.T3
7,51,0.1,False,2303.05977v2,S5.T3,2303.05977v2_S5.T3
8,51,0.1,False,2303.05977v2,S5.T3,2303.05977v2_S5.T3
9,51,0.9,True,2303.05977v2,S5.T3,2303.05977v2_S5.T3
10,51,0.1,False,2303.05977v2,S5.T3,2303.05977v2_S5.T3
1,52,0.8,True,2303.05977v2,S5.T4,2303.05977v2_S5.T4
2,52,0.1,False,2303.05977v2,S5.T4,2303.05977v2_S5.T4
3,52,0.7,True,2303.05977v2,S5.T4,2303.05977v2_S5.T4
4,52,0.7,True,2303.05977v2,S5.T4,2303.05977v2_S5.T4
5,52,0.1,False,2303.05977v2,S5.T4,2303.05977v2_S5.T4
6,52,0.1,False,2303.05977v2,S5.T4,2303.05977v2_S5.T4
7,52,0.1,False,2303.05977v2,S5.T4,2303.05977v2_S5.T4
8,52,0.1,False,2303.05977v2,S5.T4,2303.05977v2_S5.T4
9,52,0.85,True,2303.05977v2,S5.T4,2303.05977v2_S5.T4
10,52,0.1,False,2303.05977v2,S5.T4,2303.05977v2_S5.T4
1,53,0.1,False,2303.12317,S3.T1,2303.12317_S3.T1
2,53,0.0,False,2303.12317,S3.T1,2303.12317_S3.T1
3,53,0.1,False,2303.12317,S3.T1,2303.12317_S3.T1
4,53,0.1,False,2303.12317,S3.T1,2303.12317_S3.T1
5,53,0.1,False,2303.12317,S3.T1,2303.12317_S3.T1
6,53,0.1,False,2303.12317,S3.T1,2303.12317_S3.T1
7,53,0.1,False,2303.12317,S3.T1,2303.12317_S3.T1
8,53,0.1,False,2303.12317,S3.T1,2303.12317_S3.T1
9,53,0.1,False,2303.12317,S3.T1,2303.12317_S3.T1
10,53,0.0,False,2303.12317,S3.T1,2303.12317_S3.T1
1,54,0.1,False,2303.12317,S4.T2,2303.12317_S4.T2
2,54,0.1,False,2303.12317,S4.T2,2303.12317_S4.T2
3,54,0.1,False,2303.12317,S4.T2,2303.12317_S4.T2
4,54,0.1,False,2303.12317,S4.T2,2303.12317_S4.T2
5,54,0.1,False,2303.12317,S4.T2,2303.12317_S4.T2
6,54,0.1,False,2303.12317,S4.T2,2303.12317_S4.T2
7,54,0.1,False,2303.12317,S4.T2,2303.12317_S4.T2
8,54,0.1,False,2303.12317,S4.T2,2303.12317_S4.T2
9,54,0.6,True,2303.12317,S4.T2,2303.12317_S4.T2
10,54,0.1,False,2303.12317,S4.T2,2303.12317_S4.T2
1,55,0.1,False,2303.12317,S6.T3,2303.12317_S6.T3
2,55,0.1,False,2303.12317,S6.T3,2303.12317_S6.T3
3,55,0.8,True,2303.12317,S6.T3,2303.12317_S6.T3
4,55,0.1,False,2303.12317,S6.T3,2303.12317_S6.T3
5,55,0.1,False,2303.12317,S6.T3,2303.12317_S6.T3
6,55,0.1,False,2303.12317,S6.T3,2303.12317_S6.T3
7,55,0.1,False,2303.12317,S6.T3,2303.12317_S6.T3
8,55,0.6,True,2303.12317,S6.T3,2303.12317_S6.T3
9,55,0.7,True,2303.12317,S6.T3,2303.12317_S6.T3
10,55,0.1,False,2303.12317,S6.T3,2303.12317_S6.T3
1,56,0.1,False,2303.12317,S6.T4,2303.12317_S6.T4
2,56,0.0,False,2303.12317,S6.T4,2303.12317_S6.T4
3,56,0.6,True,2303.12317,S6.T4,2303.12317_S6.T4
4,56,0.1,False,2303.12317,S6.T4,2303.12317_S6.T4
5,56,0.1,False,2303.12317,S6.T4,2303.12317_S6.T4
6,56,0.1,False,2303.12317,S6.T4,2303.12317_S6.T4
7,56,0.1,False,2303.12317,S6.T4,2303.12317_S6.T4
8,56,0.1,False,2303.12317,S6.T4,2303.12317_S6.T4
9,56,0.1,False,2303.12317,S6.T4,2303.12317_S6.T4
10,56,0.1,False,2303.12317,S6.T4,2303.12317_S6.T4
1,57,0.1,False,2303.12317,A2.T5,2303.12317_A2.T5
2,57,0.1,False,2303.12317,A2.T5,2303.12317_A2.T5
3,57,0.6,True,2303.12317,A2.T5,2303.12317_A2.T5
4,57,0.1,False,2303.12317,A2.T5,2303.12317_A2.T5
5,57,0.1,False,2303.12317,A2.T5,2303.12317_A2.T5
6,57,0.1,False,2303.12317,A2.T5,2303.12317_A2.T5
7,57,0.0,False,2303.12317,A2.T5,2303.12317_A2.T5
8,57,0.1,False,2303.12317,A2.T5,2303.12317_A2.T5
9,57,0.1,False,2303.12317,A2.T5,2303.12317_A2.T5
10,57,0.1,False,2303.12317,A2.T5,2303.12317_A2.T5
1,58,0.1,False,2303.12317,A4.T6,2303.12317_A4.T6
2,58,0.1,False,2303.12317,A4.T6,2303.12317_A4.T6
3,58,0.1,False,2303.12317,A4.T6,2303.12317_A4.T6
4,58,0.1,False,2303.12317,A4.T6,2303.12317_A4.T6
5,58,0.1,False,2303.12317,A4.T6,2303.12317_A4.T6
6,58,0.1,False,2303.12317,A4.T6,2303.12317_A4.T6
7,58,0.1,False,2303.12317,A4.T6,2303.12317_A4.T6
8,58,0.1,False,2303.12317,A4.T6,2303.12317_A4.T6
9,58,0.8,True,2303.12317,A4.T6,2303.12317_A4.T6
10,58,0.1,False,2303.12317,A4.T6,2303.12317_A4.T6
1,59,0.1,False,2303.12317,A4.T7,2303.12317_A4.T7
2,59,0.1,False,2303.12317,A4.T7,2303.12317_A4.T7
3,59,0.1,False,2303.12317,A4.T7,2303.12317_A4.T7
4,59,0.1,False,2303.12317,A4.T7,2303.12317_A4.T7
5,59,0.1,False,2303.12317,A4.T7,2303.12317_A4.T7
6,59,0.1,False,2303.12317,A4.T7,2303.12317_A4.T7
7,59,0.1,False,2303.12317,A4.T7,2303.12317_A4.T7
8,59,0.1,False,2303.12317,A4.T7,2303.12317_A4.T7
9,59,0.1,False,2303.12317,A4.T7,2303.12317_A4.T7
10,59,0.1,False,2303.12317,A4.T7,2303.12317_A4.T7
1,60,0.1,False,2303.12317,A5.T8,2303.12317_A5.T8
2,60,0.0,False,2303.12317,A5.T8,2303.12317_A5.T8
3,60,0.1,False,2303.12317,A5.T8,2303.12317_A5.T8
4,60,0.1,False,2303.12317,A5.T8,2303.12317_A5.T8
5,60,0.1,False,2303.12317,A5.T8,2303.12317_A5.T8
6,60,0.1,False,2303.12317,A5.T8,2303.12317_A5.T8
7,60,0.1,False,2303.12317,A5.T8,2303.12317_A5.T8
8,60,0.8,True,2303.12317,A5.T8,2303.12317_A5.T8
9,60,0.1,False,2303.12317,A5.T8,2303.12317_A5.T8
10,60,0.1,False,2303.12317,A5.T8,2303.12317_A5.T8
1,61,0.1,False,2303.12317,A6.T9,2303.12317_A6.T9
2,61,0.7,True,2303.12317,A6.T9,2303.12317_A6.T9
3,61,0.1,False,2303.12317,A6.T9,2303.12317_A6.T9
4,61,0.1,False,2303.12317,A6.T9,2303.12317_A6.T9
5,61,0.1,False,2303.12317,A6.T9,2303.12317_A6.T9
6,61,0.1,False,2303.12317,A6.T9,2303.12317_A6.T9
7,61,0.1,False,2303.12317,A6.T9,2303.12317_A6.T9
8,61,0.1,False,2303.12317,A6.T9,2303.12317_A6.T9
9,61,0.1,False,2303.12317,A6.T9,2303.12317_A6.T9
10,61,0.7,True,2303.12317,A6.T9,2303.12317_A6.T9
1,62,0.1,False,2304.00570,S3.T1,2304.00570_S3.T1
2,62,0.0,False,2304.00570,S3.T1,2304.00570_S3.T1
3,62,0.1,False,2304.00570,S3.T1,2304.00570_S3.T1
4,62,0.1,False,2304.00570,S3.T1,2304.00570_S3.T1
5,62,0.6,True,2304.00570,S3.T1,2304.00570_S3.T1
6,62,0.1,False,2304.00570,S3.T1,2304.00570_S3.T1
7,62,0.1,False,2304.00570,S3.T1,2304.00570_S3.T1
8,62,0.1,False,2304.00570,S3.T1,2304.00570_S3.T1
9,62,0.1,False,2304.00570,S3.T1,2304.00570_S3.T1
10,62,0.1,False,2304.00570,S3.T1,2304.00570_S3.T1
1,63,0.1,False,2304.00570,S4.T2,2304.00570_S4.T2
2,63,0.0,False,2304.00570,S4.T2,2304.00570_S4.T2
3,63,0.1,False,2304.00570,S4.T2,2304.00570_S4.T2
4,63,0.1,False,2304.00570,S4.T2,2304.00570_S4.T2
5,63,0.6,True,2304.00570,S4.T2,2304.00570_S4.T2
6,63,0.1,False,2304.00570,S4.T2,2304.00570_S4.T2
7,63,0.1,False,2304.00570,S4.T2,2304.00570_S4.T2
8,63,0.1,False,2304.00570,S4.T2,2304.00570_S4.T2
9,63,0.1,False,2304.00570,S4.T2,2304.00570_S4.T2
10,63,0.1,False,2304.00570,S4.T2,2304.00570_S4.T2
1,64,0.1,False,2304.00570,S5.T3,2304.00570_S5.T3
2,64,0.1,False,2304.00570,S5.T3,2304.00570_S5.T3
3,64,0.1,False,2304.00570,S5.T3,2304.00570_S5.T3
4,64,0.1,False,2304.00570,S5.T3,2304.00570_S5.T3
5,64,0.6,True,2304.00570,S5.T3,2304.00570_S5.T3
6,64,0.1,False,2304.00570,S5.T3,2304.00570_S5.T3
7,64,0.1,False,2304.00570,S5.T3,2304.00570_S5.T3
8,64,0.1,False,2304.00570,S5.T3,2304.00570_S5.T3
9,64,0.1,False,2304.00570,S5.T3,2304.00570_S5.T3
10,64,0.1,False,2304.00570,S5.T3,2304.00570_S5.T3
1,65,0.1,False,2305.00873,S5.T1,2305.00873_S5.T1
2,65,0.1,False,2305.00873,S5.T1,2305.00873_S5.T1
3,65,0.1,False,2305.00873,S5.T1,2305.00873_S5.T1
4,65,0.1,False,2305.00873,S5.T1,2305.00873_S5.T1
5,65,0.1,False,2305.00873,S5.T1,2305.00873_S5.T1
6,65,0.1,False,2305.00873,S5.T1,2305.00873_S5.T1
7,65,0.1,False,2305.00873,S5.T1,2305.00873_S5.T1
8,65,0.1,False,2305.00873,S5.T1,2305.00873_S5.T1
9,65,0.1,False,2305.00873,S5.T1,2305.00873_S5.T1
10,65,0.1,False,2305.00873,S5.T1,2305.00873_S5.T1
1,66,0.1,False,2305.00873,S6.T2,2305.00873_S6.T2
2,66,0.1,False,2305.00873,S6.T2,2305.00873_S6.T2
3,66,0.6,True,2305.00873,S6.T2,2305.00873_S6.T2
4,66,0.1,False,2305.00873,S6.T2,2305.00873_S6.T2
5,66,0.1,False,2305.00873,S6.T2,2305.00873_S6.T2
6,66,0.1,False,2305.00873,S6.T2,2305.00873_S6.T2
7,66,0.1,False,2305.00873,S6.T2,2305.00873_S6.T2
8,66,0.6,True,2305.00873,S6.T2,2305.00873_S6.T2
9,66,0.1,False,2305.00873,S6.T2,2305.00873_S6.T2
10,66,0.1,False,2305.00873,S6.T2,2305.00873_S6.T2
1,67,0.1,False,2305.00873,S6.T3,2305.00873_S6.T3
2,67,0.1,False,2305.00873,S6.T3,2305.00873_S6.T3
3,67,0.1,False,2305.00873,S6.T3,2305.00873_S6.T3
4,67,0.1,False,2305.00873,S6.T3,2305.00873_S6.T3
5,67,0.1,False,2305.00873,S6.T3,2305.00873_S6.T3
6,67,0.1,False,2305.00873,S6.T3,2305.00873_S6.T3
7,67,0.1,False,2305.00873,S6.T3,2305.00873_S6.T3
8,67,0.1,False,2305.00873,S6.T3,2305.00873_S6.T3
9,67,0.1,False,2305.00873,S6.T3,2305.00873_S6.T3
10,67,0.1,False,2305.00873,S6.T3,2305.00873_S6.T3
1,68,0.1,False,2305.00873,S6.T4,2305.00873_S6.T4
2,68,0.1,False,2305.00873,S6.T4,2305.00873_S6.T4
3,68,0.1,False,2305.00873,S6.T4,2305.00873_S6.T4
4,68,0.1,False,2305.00873,S6.T4,2305.00873_S6.T4
5,68,0.1,False,2305.00873,S6.T4,2305.00873_S6.T4
6,68,0.1,False,2305.00873,S6.T4,2305.00873_S6.T4
7,68,0.7,True,2305.00873,S6.T4,2305.00873_S6.T4
8,68,0.7,True,2305.00873,S6.T4,2305.00873_S6.T4
9,68,0.1,False,2305.00873,S6.T4,2305.00873_S6.T4
10,68,0.1,False,2305.00873,S6.T4,2305.00873_S6.T4
1,69,0.1,False,2404.10029,S4.T1,2404.10029_S4.T1
2,69,0.1,False,2404.10029,S4.T1,2404.10029_S4.T1
3,69,0.1,False,2404.10029,S4.T1,2404.10029_S4.T1
4,69,0.1,False,2404.10029,S4.T1,2404.10029_S4.T1
5,69,0.1,False,2404.10029,S4.T1,2404.10029_S4.T1
6,69,0.6,True,2404.10029,S4.T1,2404.10029_S4.T1
7,69,0.1,False,2404.10029,S4.T1,2404.10029_S4.T1
8,69,0.1,False,2404.10029,S4.T1,2404.10029_S4.T1
9,69,0.1,False,2404.10029,S4.T1,2404.10029_S4.T1
10,69,0.1,False,2404.10029,S4.T1,2404.10029_S4.T1
1,70,0.1,False,2404.18961v1,S1.T1,2404.18961v1_S1.T1
2,70,0.1,False,2404.18961v1,S1.T1,2404.18961v1_S1.T1
3,70,0.1,False,2404.18961v1,S1.T1,2404.18961v1_S1.T1
4,70,0.1,False,2404.18961v1,S1.T1,2404.18961v1_S1.T1
5,70,0.1,False,2404.18961v1,S1.T1,2404.18961v1_S1.T1
6,70,0.1,False,2404.18961v1,S1.T1,2404.18961v1_S1.T1
7,70,0.1,False,2404.18961v1,S1.T1,2404.18961v1_S1.T1
8,70,0.1,False,2404.18961v1,S1.T1,2404.18961v1_S1.T1
9,70,0.1,False,2404.18961v1,S1.T1,2404.18961v1_S1.T1
10,70,0.1,False,2404.18961v1,S1.T1,2404.18961v1_S1.T1
1,71,0.1,False,2404.18961v1,S2.T2,2404.18961v1_S2.T2
2,71,0.1,False,2404.18961v1,S2.T2,2404.18961v1_S2.T2
3,71,0.1,False,2404.18961v1,S2.T2,2404.18961v1_S2.T2
4,71,0.1,False,2404.18961v1,S2.T2,2404.18961v1_S2.T2
5,71,0.1,False,2404.18961v1,S2.T2,2404.18961v1_S2.T2
6,71,0.1,False,2404.18961v1,S2.T2,2404.18961v1_S2.T2
7,71,0.1,False,2404.18961v1,S2.T2,2404.18961v1_S2.T2
8,71,0.1,False,2404.18961v1,S2.T2,2404.18961v1_S2.T2
9,71,0.1,False,2404.18961v1,S2.T2,2404.18961v1_S2.T2
10,71,0.1,False,2404.18961v1,S2.T2,2404.18961v1_S2.T2
1,72,0.1,False,2404.18961v1,S2.T3,2404.18961v1_S2.T3
2,72,0.0,False,2404.18961v1,S2.T3,2404.18961v1_S2.T3
3,72,0.1,False,2404.18961v1,S2.T3,2404.18961v1_S2.T3
4,72,0.1,False,2404.18961v1,S2.T3,2404.18961v1_S2.T3
5,72,0.1,False,2404.18961v1,S2.T3,2404.18961v1_S2.T3
6,72,0.1,False,2404.18961v1,S2.T3,2404.18961v1_S2.T3
7,72,0.1,False,2404.18961v1,S2.T3,2404.18961v1_S2.T3
8,72,0.1,False,2404.18961v1,S2.T3,2404.18961v1_S2.T3
9,72,0.1,False,2404.18961v1,S2.T3,2404.18961v1_S2.T3
10,72,0.1,False,2404.18961v1,S2.T3,2404.18961v1_S2.T3
1,73,0.1,False,2404.18961v1,S2.SS1.89,2404.18961v1_S2.SS1.89
2,73,0.1,False,2404.18961v1,S2.SS1.89,2404.18961v1_S2.SS1.89
3,73,0.1,False,2404.18961v1,S2.SS1.89,2404.18961v1_S2.SS1.89
4,73,0.1,False,2404.18961v1,S2.SS1.89,2404.18961v1_S2.SS1.89
5,73,0.1,False,2404.18961v1,S2.SS1.89,2404.18961v1_S2.SS1.89
6,73,0.75,True,2404.18961v1,S2.SS1.89,2404.18961v1_S2.SS1.89
7,73,0.1,False,2404.18961v1,S2.SS1.89,2404.18961v1_S2.SS1.89
8,73,0.1,False,2404.18961v1,S2.SS1.89,2404.18961v1_S2.SS1.89
9,73,0.1,False,2404.18961v1,S2.SS1.89,2404.18961v1_S2.SS1.89
10,73,0.1,False,2404.18961v1,S2.SS1.89,2404.18961v1_S2.SS1.89
1,74,0.1,False,2404.18961v1,S2.T5,2404.18961v1_S2.T5
2,74,0.1,False,2404.18961v1,S2.T5,2404.18961v1_S2.T5
3,74,0.7,True,2404.18961v1,S2.T5,2404.18961v1_S2.T5
4,74,0.1,False,2404.18961v1,S2.T5,2404.18961v1_S2.T5
5,74,0.1,False,2404.18961v1,S2.T5,2404.18961v1_S2.T5
6,74,0.1,False,2404.18961v1,S2.T5,2404.18961v1_S2.T5
7,74,0.1,False,2404.18961v1,S2.T5,2404.18961v1_S2.T5
8,74,0.1,False,2404.18961v1,S2.T5,2404.18961v1_S2.T5
9,74,0.1,False,2404.18961v1,S2.T5,2404.18961v1_S2.T5
10,74,0.1,False,2404.18961v1,S2.T5,2404.18961v1_S2.T5
1,75,0.1,False,2404.18961v1,S2.T6,2404.18961v1_S2.T6
2,75,0.0,False,2404.18961v1,S2.T6,2404.18961v1_S2.T6
3,75,0.1,False,2404.18961v1,S2.T6,2404.18961v1_S2.T6
4,75,0.1,False,2404.18961v1,S2.T6,2404.18961v1_S2.T6
5,75,0.1,False,2404.18961v1,S2.T6,2404.18961v1_S2.T6
6,75,0.1,False,2404.18961v1,S2.T6,2404.18961v1_S2.T6
7,75,0.1,False,2404.18961v1,S2.T6,2404.18961v1_S2.T6
8,75,0.1,False,2404.18961v1,S2.T6,2404.18961v1_S2.T6
9,75,0.1,False,2404.18961v1,S2.T6,2404.18961v1_S2.T6
10,75,0.05,False,2404.18961v1,S2.T6,2404.18961v1_S2.T6
1,76,0.1,False,2404.18961v1,S2.T7,2404.18961v1_S2.T7
2,76,0.1,False,2404.18961v1,S2.T7,2404.18961v1_S2.T7
3,76,0.2,True,2404.18961v1,S2.T7,2404.18961v1_S2.T7
4,76,0.1,False,2404.18961v1,S2.T7,2404.18961v1_S2.T7
5,76,0.1,False,2404.18961v1,S2.T7,2404.18961v1_S2.T7
6,76,0.1,False,2404.18961v1,S2.T7,2404.18961v1_S2.T7
7,76,0.1,False,2404.18961v1,S2.T7,2404.18961v1_S2.T7
8,76,0.2,True,2404.18961v1,S2.T7,2404.18961v1_S2.T7
9,76,0.1,False,2404.18961v1,S2.T7,2404.18961v1_S2.T7
10,76,0.1,False,2404.18961v1,S2.T7,2404.18961v1_S2.T7
1,77,0.1,False,2404.18961v1,S4.T8,2404.18961v1_S4.T8
2,77,0.1,False,2404.18961v1,S4.T8,2404.18961v1_S4.T8
3,77,0.6,True,2404.18961v1,S4.T8,2404.18961v1_S4.T8
4,77,0.1,False,2404.18961v1,S4.T8,2404.18961v1_S4.T8
5,77,0.2,True,2404.18961v1,S4.T8,2404.18961v1_S4.T8
6,77,0.1,False,2404.18961v1,S4.T8,2404.18961v1_S4.T8
7,77,0.1,False,2404.18961v1,S4.T8,2404.18961v1_S4.T8
8,77,0.1,False,2404.18961v1,S4.T8,2404.18961v1_S4.T8
9,77,0.7,True,2404.18961v1,S4.T8,2404.18961v1_S4.T8
10,77,0.1,False,2404.18961v1,S4.T8,2404.18961v1_S4.T8
1,78,0.1,False,2404.18961v1,S4.T9,2404.18961v1_S4.T9
2,78,0.05,False,2404.18961v1,S4.T9,2404.18961v1_S4.T9
3,78,0.1,False,2404.18961v1,S4.T9,2404.18961v1_S4.T9
4,78,0.1,False,2404.18961v1,S4.T9,2404.18961v1_S4.T9
5,78,0.1,False,2404.18961v1,S4.T9,2404.18961v1_S4.T9
6,78,0.1,False,2404.18961v1,S4.T9,2404.18961v1_S4.T9
7,78,0.1,False,2404.18961v1,S4.T9,2404.18961v1_S4.T9
8,78,0.1,False,2404.18961v1,S4.T9,2404.18961v1_S4.T9
9,78,0.1,False,2404.18961v1,S4.T9,2404.18961v1_S4.T9
10,78,0.1,False,2404.18961v1,S4.T9,2404.18961v1_S4.T9
1,79,0.1,False,2405.13018,Sx4.T1,2405.13018_Sx4.T1
2,79,0.0,False,2405.13018,Sx4.T1,2405.13018_Sx4.T1
3,79,0.1,False,2405.13018,Sx4.T1,2405.13018_Sx4.T1
4,79,0.1,False,2405.13018,Sx4.T1,2405.13018_Sx4.T1
5,79,0.1,False,2405.13018,Sx4.T1,2405.13018_Sx4.T1
6,79,0.1,False,2405.13018,Sx4.T1,2405.13018_Sx4.T1
7,79,0.1,False,2405.13018,Sx4.T1,2405.13018_Sx4.T1
8,79,0.1,False,2405.13018,Sx4.T1,2405.13018_Sx4.T1
9,79,0.1,False,2405.13018,Sx4.T1,2405.13018_Sx4.T1
10,79,0.1,False,2405.13018,Sx4.T1,2405.13018_Sx4.T1
1,80,0.1,False,2405.13018,Sx4.T2,2405.13018_Sx4.T2
2,80,0.05,False,2405.13018,Sx4.T2,2405.13018_Sx4.T2
3,80,0.75,True,2405.13018,Sx4.T2,2405.13018_Sx4.T2
4,80,0.1,False,2405.13018,Sx4.T2,2405.13018_Sx4.T2
5,80,0.1,False,2405.13018,Sx4.T2,2405.13018_Sx4.T2
6,80,0.1,False,2405.13018,Sx4.T2,2405.13018_Sx4.T2
7,80,0.1,False,2405.13018,Sx4.T2,2405.13018_Sx4.T2
8,80,0.1,False,2405.13018,Sx4.T2,2405.13018_Sx4.T2
9,80,0.1,False,2405.13018,Sx4.T2,2405.13018_Sx4.T2
10,80,0.1,False,2405.13018,Sx4.T2,2405.13018_Sx4.T2
1,81,0.1,False,2405.13018,Sx5.T3,2405.13018_Sx5.T3
2,81,0.0,False,2405.13018,Sx5.T3,2405.13018_Sx5.T3
3,81,0.1,False,2405.13018,Sx5.T3,2405.13018_Sx5.T3
4,81,0.1,False,2405.13018,Sx5.T3,2405.13018_Sx5.T3
5,81,0.1,False,2405.13018,Sx5.T3,2405.13018_Sx5.T3
6,81,0.1,False,2405.13018,Sx5.T3,2405.13018_Sx5.T3
7,81,0.1,False,2405.13018,Sx5.T3,2405.13018_Sx5.T3
8,81,0.1,False,2405.13018,Sx5.T3,2405.13018_Sx5.T3
9,81,0.1,False,2405.13018,Sx5.T3,2405.13018_Sx5.T3
10,81,0.1,False,2405.13018,Sx5.T3,2405.13018_Sx5.T3
1,82,0.1,False,2405.13018,Sx5.T4,2405.13018_Sx5.T4
2,82,0.0,False,2405.13018,Sx5.T4,2405.13018_Sx5.T4
3,82,0.1,False,2405.13018,Sx5.T4,2405.13018_Sx5.T4
4,82,0.1,False,2405.13018,Sx5.T4,2405.13018_Sx5.T4
5,82,0.1,False,2405.13018,Sx5.T4,2405.13018_Sx5.T4
6,82,0.1,False,2405.13018,Sx5.T4,2405.13018_Sx5.T4
7,82,0.1,False,2405.13018,Sx5.T4,2405.13018_Sx5.T4
8,82,0.1,False,2405.13018,Sx5.T4,2405.13018_Sx5.T4
9,82,0.1,False,2405.13018,Sx5.T4,2405.13018_Sx5.T4
10,82,0.1,False,2405.13018,Sx5.T4,2405.13018_Sx5.T4
1,83,0.1,False,2405.13018,Sx5.T5,2405.13018_Sx5.T5
2,83,0.0,False,2405.13018,Sx5.T5,2405.13018_Sx5.T5
3,83,0.1,False,2405.13018,Sx5.T5,2405.13018_Sx5.T5
4,83,0.1,False,2405.13018,Sx5.T5,2405.13018_Sx5.T5
5,83,0.1,False,2405.13018,Sx5.T5,2405.13018_Sx5.T5
6,83,0.1,False,2405.13018,Sx5.T5,2405.13018_Sx5.T5
7,83,0.1,False,2405.13018,Sx5.T5,2405.13018_Sx5.T5
8,83,0.1,False,2405.13018,Sx5.T5,2405.13018_Sx5.T5
9,83,0.1,False,2405.13018,Sx5.T5,2405.13018_Sx5.T5
10,83,0.1,False,2405.13018,Sx5.T5,2405.13018_Sx5.T5
1,84,0.1,False,2405.13018,A1.T6,2405.13018_A1.T6
2,84,0.1,False,2405.13018,A1.T6,2405.13018_A1.T6
3,84,0.1,False,2405.13018,A1.T6,2405.13018_A1.T6
4,84,0.1,False,2405.13018,A1.T6,2405.13018_A1.T6
5,84,0.1,False,2405.13018,A1.T6,2405.13018_A1.T6
6,84,0.1,False,2405.13018,A1.T6,2405.13018_A1.T6
7,84,0.1,False,2405.13018,A1.T6,2405.13018_A1.T6
8,84,0.1,False,2405.13018,A1.T6,2405.13018_A1.T6
9,84,0.1,False,2405.13018,A1.T6,2405.13018_A1.T6
10,84,0.1,False,2405.13018,A1.T6,2405.13018_A1.T6
1,85,0.1,False,2406.06679,Pt0.A1.T5,2406.06679_Pt0.A1.T5
2,85,0.1,False,2406.06679,Pt0.A1.T5,2406.06679_Pt0.A1.T5
3,85,0.1,False,2406.06679,Pt0.A1.T5,2406.06679_Pt0.A1.T5
4,85,0.1,False,2406.06679,Pt0.A1.T5,2406.06679_Pt0.A1.T5
5,85,0.1,False,2406.06679,Pt0.A1.T5,2406.06679_Pt0.A1.T5
6,85,0.1,False,2406.06679,Pt0.A1.T5,2406.06679_Pt0.A1.T5
7,85,0.1,False,2406.06679,Pt0.A1.T5,2406.06679_Pt0.A1.T5
8,85,0.1,False,2406.06679,Pt0.A1.T5,2406.06679_Pt0.A1.T5
9,85,0.75,True,2406.06679,Pt0.A1.T5,2406.06679_Pt0.A1.T5
10,85,0.05,False,2406.06679,Pt0.A1.T5,2406.06679_Pt0.A1.T5
1,86,0.1,False,2406.06679,Pt0.A2.T6,2406.06679_Pt0.A2.T6
2,86,0.0,False,2406.06679,Pt0.A2.T6,2406.06679_Pt0.A2.T6
3,86,0.1,False,2406.06679,Pt0.A2.T6,2406.06679_Pt0.A2.T6
4,86,0.1,False,2406.06679,Pt0.A2.T6,2406.06679_Pt0.A2.T6
5,86,0.1,False,2406.06679,Pt0.A2.T6,2406.06679_Pt0.A2.T6
6,86,0.0,False,2406.06679,Pt0.A2.T6,2406.06679_Pt0.A2.T6
7,86,0.1,False,2406.06679,Pt0.A2.T6,2406.06679_Pt0.A2.T6
8,86,0.1,False,2406.06679,Pt0.A2.T6,2406.06679_Pt0.A2.T6
9,86,0.75,True,2406.06679,Pt0.A2.T6,2406.06679_Pt0.A2.T6
10,86,0.1,False,2406.06679,Pt0.A2.T6,2406.06679_Pt0.A2.T6
1,87,0.1,False,2406.06679,S4.T1,2406.06679_S4.T1
2,87,0.1,False,2406.06679,S4.T1,2406.06679_S4.T1
3,87,0.1,False,2406.06679,S4.T1,2406.06679_S4.T1
4,87,0.1,False,2406.06679,S4.T1,2406.06679_S4.T1
5,87,0.1,False,2406.06679,S4.T1,2406.06679_S4.T1
6,87,0.1,False,2406.06679,S4.T1,2406.06679_S4.T1
7,87,0.7,True,2406.06679,S4.T1,2406.06679_S4.T1
8,87,0.1,False,2406.06679,S4.T1,2406.06679_S4.T1
9,87,0.75,True,2406.06679,S4.T1,2406.06679_S4.T1
10,87,0.1,False,2406.06679,S4.T1,2406.06679_S4.T1
1,88,0.1,False,2406.06679,S4.T2,2406.06679_S4.T2
2,88,0.1,False,2406.06679,S4.T2,2406.06679_S4.T2
3,88,0.1,False,2406.06679,S4.T2,2406.06679_S4.T2
4,88,0.1,False,2406.06679,S4.T2,2406.06679_S4.T2
5,88,0.1,False,2406.06679,S4.T2,2406.06679_S4.T2
6,88,0.1,False,2406.06679,S4.T2,2406.06679_S4.T2
7,88,0.1,False,2406.06679,S4.T2,2406.06679_S4.T2
8,88,0.1,False,2406.06679,S4.T2,2406.06679_S4.T2
9,88,0.6,True,2406.06679,S4.T2,2406.06679_S4.T2
10,88,0.1,False,2406.06679,S4.T2,2406.06679_S4.T2
1,89,0.1,False,2406.06679,S4.T3,2406.06679_S4.T3
2,89,0.1,False,2406.06679,S4.T3,2406.06679_S4.T3
3,89,0.6,True,2406.06679,S4.T3,2406.06679_S4.T3
4,89,0.1,False,2406.06679,S4.T3,2406.06679_S4.T3
5,89,0.1,False,2406.06679,S4.T3,2406.06679_S4.T3
6,89,0.1,False,2406.06679,S4.T3,2406.06679_S4.T3
7,89,0.1,False,2406.06679,S4.T3,2406.06679_S4.T3
8,89,0.1,False,2406.06679,S4.T3,2406.06679_S4.T3
9,89,0.1,False,2406.06679,S4.T3,2406.06679_S4.T3
10,89,0.7,True,2406.06679,S4.T3,2406.06679_S4.T3
1,90,0.1,False,2406.06679,S4.T4,2406.06679_S4.T4
2,90,0.0,False,2406.06679,S4.T4,2406.06679_S4.T4
3,90,0.1,False,2406.06679,S4.T4,2406.06679_S4.T4
4,90,0.1,False,2406.06679,S4.T4,2406.06679_S4.T4
5,90,0.1,False,2406.06679,S4.T4,2406.06679_S4.T4
6,90,0.1,False,2406.06679,S4.T4,2406.06679_S4.T4
7,90,0.1,False,2406.06679,S4.T4,2406.06679_S4.T4
8,90,0.1,False,2406.06679,S4.T4,2406.06679_S4.T4
9,90,0.1,False,2406.06679,S4.T4,2406.06679_S4.T4
10,90,0.0,False,2406.06679,S4.T4,2406.06679_S4.T4
1,91,0.1,False,2406.15319,A1.EGx1,2406.15319_A1.EGx1
2,91,0.1,False,2406.15319,A1.EGx1,2406.15319_A1.EGx1
3,91,0.1,False,2406.15319,A1.EGx1,2406.15319_A1.EGx1
4,91,0.1,False,2406.15319,A1.EGx1,2406.15319_A1.EGx1
5,91,0.1,False,2406.15319,A1.EGx1,2406.15319_A1.EGx1
6,91,0.1,False,2406.15319,A1.EGx1,2406.15319_A1.EGx1
7,91,0.1,False,2406.15319,A1.EGx1,2406.15319_A1.EGx1
8,91,0.1,False,2406.15319,A1.EGx1,2406.15319_A1.EGx1
9,91,0.6,True,2406.15319,A1.EGx1,2406.15319_A1.EGx1
10,91,0.1,False,2406.15319,A1.EGx1,2406.15319_A1.EGx1
1,92,0.1,False,2406.15319,A1.EGx2,2406.15319_A1.EGx2
2,92,0.05,False,2406.15319,A1.EGx2,2406.15319_A1.EGx2
3,92,0.2,True,2406.15319,A1.EGx2,2406.15319_A1.EGx2
4,92,0.1,False,2406.15319,A1.EGx2,2406.15319_A1.EGx2
5,92,0.1,False,2406.15319,A1.EGx2,2406.15319_A1.EGx2
6,92,0.1,False,2406.15319,A1.EGx2,2406.15319_A1.EGx2
7,92,0.1,False,2406.15319,A1.EGx2,2406.15319_A1.EGx2
8,92,0.1,False,2406.15319,A1.EGx2,2406.15319_A1.EGx2
9,92,0.1,False,2406.15319,A1.EGx2,2406.15319_A1.EGx2
10,92,0.1,False,2406.15319,A1.EGx2,2406.15319_A1.EGx2
1,93,0.1,False,2406.15319,S3.T1.1.1,2406.15319_S3.T1.1.1
2,93,0.1,False,2406.15319,S3.T1.1.1,2406.15319_S3.T1.1.1
3,93,0.6,True,2406.15319,S3.T1.1.1,2406.15319_S3.T1.1.1
4,93,0.1,False,2406.15319,S3.T1.1.1,2406.15319_S3.T1.1.1
5,93,0.1,False,2406.15319,S3.T1.1.1,2406.15319_S3.T1.1.1
6,93,0.1,False,2406.15319,S3.T1.1.1,2406.15319_S3.T1.1.1
7,93,0.1,False,2406.15319,S3.T1.1.1,2406.15319_S3.T1.1.1
8,93,0.1,False,2406.15319,S3.T1.1.1,2406.15319_S3.T1.1.1
9,93,0.1,False,2406.15319,S3.T1.1.1,2406.15319_S3.T1.1.1
10,93,0.1,False,2406.15319,S3.T1.1.1,2406.15319_S3.T1.1.1
1,94,0.1,False,2406.15319,S3.T1.1.1.1.1.3.1,2406.15319_S3.T1.1.1.1.1.3.1
2,94,0.0,False,2406.15319,S3.T1.1.1.1.1.3.1,2406.15319_S3.T1.1.1.1.1.3.1
3,94,0.1,False,2406.15319,S3.T1.1.1.1.1.3.1,2406.15319_S3.T1.1.1.1.1.3.1
4,94,0.1,False,2406.15319,S3.T1.1.1.1.1.3.1,2406.15319_S3.T1.1.1.1.1.3.1
5,94,0.1,False,2406.15319,S3.T1.1.1.1.1.3.1,2406.15319_S3.T1.1.1.1.1.3.1
6,94,0.1,False,2406.15319,S3.T1.1.1.1.1.3.1,2406.15319_S3.T1.1.1.1.1.3.1
7,94,0.1,False,2406.15319,S3.T1.1.1.1.1.3.1,2406.15319_S3.T1.1.1.1.1.3.1
8,94,0.1,False,2406.15319,S3.T1.1.1.1.1.3.1,2406.15319_S3.T1.1.1.1.1.3.1
9,94,0.1,False,2406.15319,S3.T1.1.1.1.1.3.1,2406.15319_S3.T1.1.1.1.1.3.1
10,94,0.0,False,2406.15319,S3.T1.1.1.1.1.3.1,2406.15319_S3.T1.1.1.1.1.3.1
1,95,0.1,False,2406.15319,S3.T2.1.1,2406.15319_S3.T2.1.1
2,95,0.1,False,2406.15319,S3.T2.1.1,2406.15319_S3.T2.1.1
3,95,0.75,True,2406.15319,S3.T2.1.1,2406.15319_S3.T2.1.1
4,95,0.2,True,2406.15319,S3.T2.1.1,2406.15319_S3.T2.1.1
5,95,0.1,False,2406.15319,S3.T2.1.1,2406.15319_S3.T2.1.1
6,95,0.1,False,2406.15319,S3.T2.1.1,2406.15319_S3.T2.1.1
7,95,0.1,False,2406.15319,S3.T2.1.1,2406.15319_S3.T2.1.1
8,95,0.1,False,2406.15319,S3.T2.1.1,2406.15319_S3.T2.1.1
9,95,0.7,True,2406.15319,S3.T2.1.1,2406.15319_S3.T2.1.1
10,95,0.1,False,2406.15319,S3.T2.1.1,2406.15319_S3.T2.1.1
1,96,0.1,False,2406.15319,S3.T3.1.1,2406.15319_S3.T3.1.1
2,96,0.1,False,2406.15319,S3.T3.1.1,2406.15319_S3.T3.1.1
3,96,0.7,True,2406.15319,S3.T3.1.1,2406.15319_S3.T3.1.1
4,96,0.6,True,2406.15319,S3.T3.1.1,2406.15319_S3.T3.1.1
5,96,0.1,False,2406.15319,S3.T3.1.1,2406.15319_S3.T3.1.1
6,96,0.1,False,2406.15319,S3.T3.1.1,2406.15319_S3.T3.1.1
7,96,0.1,False,2406.15319,S3.T3.1.1,2406.15319_S3.T3.1.1
8,96,0.1,False,2406.15319,S3.T3.1.1,2406.15319_S3.T3.1.1
9,96,0.7,True,2406.15319,S3.T3.1.1,2406.15319_S3.T3.1.1
10,96,0.1,False,2406.15319,S3.T3.1.1,2406.15319_S3.T3.1.1
1,97,0.1,False,2406.15319,S3.T4.1,2406.15319_S3.T4.1
2,97,0.1,False,2406.15319,S3.T4.1,2406.15319_S3.T4.1
3,97,0.9,True,2406.15319,S3.T4.1,2406.15319_S3.T4.1
4,97,0.1,False,2406.15319,S3.T4.1,2406.15319_S3.T4.1
5,97,0.1,False,2406.15319,S3.T4.1,2406.15319_S3.T4.1
6,97,0.6,True,2406.15319,S3.T4.1,2406.15319_S3.T4.1
7,97,0.1,False,2406.15319,S3.T4.1,2406.15319_S3.T4.1
8,97,0.1,False,2406.15319,S3.T4.1,2406.15319_S3.T4.1
9,97,0.1,False,2406.15319,S3.T4.1,2406.15319_S3.T4.1
10,97,0.1,False,2406.15319,S3.T4.1,2406.15319_S3.T4.1
1,98,0.1,False,2406.15319,S3.T5.1,2406.15319_S3.T5.1
2,98,0.0,False,2406.15319,S3.T5.1,2406.15319_S3.T5.1
3,98,0.7,True,2406.15319,S3.T5.1,2406.15319_S3.T5.1
4,98,0.1,False,2406.15319,S3.T5.1,2406.15319_S3.T5.1
5,98,0.1,False,2406.15319,S3.T5.1,2406.15319_S3.T5.1
6,98,0.1,False,2406.15319,S3.T5.1,2406.15319_S3.T5.1
7,98,0.1,False,2406.15319,S3.T5.1,2406.15319_S3.T5.1
8,98,0.1,False,2406.15319,S3.T5.1,2406.15319_S3.T5.1
9,98,0.1,False,2406.15319,S3.T5.1,2406.15319_S3.T5.1
10,98,0.1,False,2406.15319,S3.T5.1,2406.15319_S3.T5.1
1,99,0.1,False,2406.15319,S3.T5.2,2406.15319_S3.T5.2
2,99,0.0,False,2406.15319,S3.T5.2,2406.15319_S3.T5.2
3,99,0.75,True,2406.15319,S3.T5.2,2406.15319_S3.T5.2
4,99,0.1,False,2406.15319,S3.T5.2,2406.15319_S3.T5.2
5,99,0.1,False,2406.15319,S3.T5.2,2406.15319_S3.T5.2
6,99,0.1,False,2406.15319,S3.T5.2,2406.15319_S3.T5.2
7,99,0.1,False,2406.15319,S3.T5.2,2406.15319_S3.T5.2
8,99,0.1,False,2406.15319,S3.T5.2,2406.15319_S3.T5.2
9,99,0.7,True,2406.15319,S3.T5.2,2406.15319_S3.T5.2
10,99,0.1,False,2406.15319,S3.T5.2,2406.15319_S3.T5.2
1,100,0.1,False,2406.15319,S3.T6.1.1,2406.15319_S3.T6.1.1
2,100,0.1,False,2406.15319,S3.T6.1.1,2406.15319_S3.T6.1.1
3,100,0.85,True,2406.15319,S3.T6.1.1,2406.15319_S3.T6.1.1
4,100,0.7,True,2406.15319,S3.T6.1.1,2406.15319_S3.T6.1.1
5,100,0.1,False,2406.15319,S3.T6.1.1,2406.15319_S3.T6.1.1
6,100,0.1,False,2406.15319,S3.T6.1.1,2406.15319_S3.T6.1.1
7,100,0.1,False,2406.15319,S3.T6.1.1,2406.15319_S3.T6.1.1
8,100,0.1,False,2406.15319,S3.T6.1.1,2406.15319_S3.T6.1.1
9,100,0.7,True,2406.15319,S3.T6.1.1,2406.15319_S3.T6.1.1
10,100,0.1,False,2406.15319,S3.T6.1.1,2406.15319_S3.T6.1.1
1,101,0.1,False,2406.15319,A1.T7.1,2406.15319_A1.T7.1
2,101,0.1,False,2406.15319,A1.T7.1,2406.15319_A1.T7.1
3,101,0.75,True,2406.15319,A1.T7.1,2406.15319_A1.T7.1
4,101,0.1,False,2406.15319,A1.T7.1,2406.15319_A1.T7.1
5,101,0.1,False,2406.15319,A1.T7.1,2406.15319_A1.T7.1
6,101,0.1,False,2406.15319,A1.T7.1,2406.15319_A1.T7.1
7,101,0.1,False,2406.15319,A1.T7.1,2406.15319_A1.T7.1
8,101,0.1,False,2406.15319,A1.T7.1,2406.15319_A1.T7.1
9,101,0.1,False,2406.15319,A1.T7.1,2406.15319_A1.T7.1
10,101,0.1,False,2406.15319,A1.T7.1,2406.15319_A1.T7.1
1,102,0.75,True,2406.15319,A1.T8.1.1,2406.15319_A1.T8.1.1
2,102,0.1,False,2406.15319,A1.T8.1.1,2406.15319_A1.T8.1.1
3,102,0.9,True,2406.15319,A1.T8.1.1,2406.15319_A1.T8.1.1
4,102,0.7,True,2406.15319,A1.T8.1.1,2406.15319_A1.T8.1.1
5,102,0.1,False,2406.15319,A1.T8.1.1,2406.15319_A1.T8.1.1
6,102,0.7,True,2406.15319,A1.T8.1.1,2406.15319_A1.T8.1.1
7,102,0.1,False,2406.15319,A1.T8.1.1,2406.15319_A1.T8.1.1
8,102,0.1,False,2406.15319,A1.T8.1.1,2406.15319_A1.T8.1.1
9,102,0.7,True,2406.15319,A1.T8.1.1,2406.15319_A1.T8.1.1
10,102,0.1,False,2406.15319,A1.T8.1.1,2406.15319_A1.T8.1.1
1,103,0.6,True,2406.15319,A1.T9.1,2406.15319_A1.T9.1
2,103,0.1,False,2406.15319,A1.T9.1,2406.15319_A1.T9.1
3,103,0.7,True,2406.15319,A1.T9.1,2406.15319_A1.T9.1
4,103,0.7,True,2406.15319,A1.T9.1,2406.15319_A1.T9.1
5,103,0.1,False,2406.15319,A1.T9.1,2406.15319_A1.T9.1
6,103,0.1,False,2406.15319,A1.T9.1,2406.15319_A1.T9.1
7,103,0.1,False,2406.15319,A1.T9.1,2406.15319_A1.T9.1
8,103,0.1,False,2406.15319,A1.T9.1,2406.15319_A1.T9.1
9,103,0.8,True,2406.15319,A1.T9.1,2406.15319_A1.T9.1
10,103,0.1,False,2406.15319,A1.T9.1,2406.15319_A1.T9.1
1,104,0.1,False,2407.05154,S2.T1.3,2407.05154_S2.T1.3
2,104,0.0,False,2407.05154,S2.T1.3,2407.05154_S2.T1.3
3,104,0.1,False,2407.05154,S2.T1.3,2407.05154_S2.T1.3
4,104,0.1,False,2407.05154,S2.T1.3,2407.05154_S2.T1.3
5,104,0.2,True,2407.05154,S2.T1.3,2407.05154_S2.T1.3
6,104,0.1,False,2407.05154,S2.T1.3,2407.05154_S2.T1.3
7,104,0.1,False,2407.05154,S2.T1.3,2407.05154_S2.T1.3
8,104,0.1,False,2407.05154,S2.T1.3,2407.05154_S2.T1.3
9,104,0.1,False,2407.05154,S2.T1.3,2407.05154_S2.T1.3
10,104,0.1,False,2407.05154,S2.T1.3,2407.05154_S2.T1.3
1,105,0.1,False,2407.05154,S2.T1.4,2407.05154_S2.T1.4
2,105,0.0,False,2407.05154,S2.T1.4,2407.05154_S2.T1.4
3,105,0.1,False,2407.05154,S2.T1.4,2407.05154_S2.T1.4
4,105,0.1,False,2407.05154,S2.T1.4,2407.05154_S2.T1.4
5,105,0.1,False,2407.05154,S2.T1.4,2407.05154_S2.T1.4
6,105,0.1,False,2407.05154,S2.T1.4,2407.05154_S2.T1.4
7,105,0.1,False,2407.05154,S2.T1.4,2407.05154_S2.T1.4
8,105,0.1,False,2407.05154,S2.T1.4,2407.05154_S2.T1.4
9,105,0.1,False,2407.05154,S2.T1.4,2407.05154_S2.T1.4
10,105,0.1,False,2407.05154,S2.T1.4,2407.05154_S2.T1.4
1,106,0.1,False,2407.05154,A1.EGx1,2407.05154_A1.EGx1
2,106,0.1,False,2407.05154,A1.EGx1,2407.05154_A1.EGx1
3,106,0.1,False,2407.05154,A1.EGx1,2407.05154_A1.EGx1
4,106,0.1,False,2407.05154,A1.EGx1,2407.05154_A1.EGx1
5,106,0.1,False,2407.05154,A1.EGx1,2407.05154_A1.EGx1
6,106,0.1,False,2407.05154,A1.EGx1,2407.05154_A1.EGx1
7,106,0.05,False,2407.05154,A1.EGx1,2407.05154_A1.EGx1
8,106,0.1,False,2407.05154,A1.EGx1,2407.05154_A1.EGx1
9,106,0.1,False,2407.05154,A1.EGx1,2407.05154_A1.EGx1
10,106,0.1,False,2407.05154,A1.EGx1,2407.05154_A1.EGx1
1,107,0.1,False,2407.05154,S3.T2.2.2,2407.05154_S3.T2.2.2
2,107,0.1,False,2407.05154,S3.T2.2.2,2407.05154_S3.T2.2.2
3,107,0.1,False,2407.05154,S3.T2.2.2,2407.05154_S3.T2.2.2
4,107,0.1,False,2407.05154,S3.T2.2.2,2407.05154_S3.T2.2.2
5,107,0.1,False,2407.05154,S3.T2.2.2,2407.05154_S3.T2.2.2
6,107,0.1,False,2407.05154,S3.T2.2.2,2407.05154_S3.T2.2.2
7,107,0.1,False,2407.05154,S3.T2.2.2,2407.05154_S3.T2.2.2
8,107,0.1,False,2407.05154,S3.T2.2.2,2407.05154_S3.T2.2.2
9,107,0.1,False,2407.05154,S3.T2.2.2,2407.05154_S3.T2.2.2
10,107,0.1,False,2407.05154,S3.T2.2.2,2407.05154_S3.T2.2.2
1,108,0.1,False,2407.05154,S3.T3.1,2407.05154_S3.T3.1
2,108,0.0,False,2407.05154,S3.T3.1,2407.05154_S3.T3.1
3,108,0.1,False,2407.05154,S3.T3.1,2407.05154_S3.T3.1
4,108,0.1,False,2407.05154,S3.T3.1,2407.05154_S3.T3.1
5,108,0.1,False,2407.05154,S3.T3.1,2407.05154_S3.T3.1
6,108,0.1,False,2407.05154,S3.T3.1,2407.05154_S3.T3.1
7,108,0.1,False,2407.05154,S3.T3.1,2407.05154_S3.T3.1
8,108,0.1,False,2407.05154,S3.T3.1,2407.05154_S3.T3.1
9,108,0.1,False,2407.05154,S3.T3.1,2407.05154_S3.T3.1
10,108,0.1,False,2407.05154,S3.T3.1,2407.05154_S3.T3.1
1,109,0.1,False,2407.05154,S3.T4.1.1,2407.05154_S3.T4.1.1
2,109,0.1,False,2407.05154,S3.T4.1.1,2407.05154_S3.T4.1.1
3,109,0.1,False,2407.05154,S3.T4.1.1,2407.05154_S3.T4.1.1
4,109,0.1,False,2407.05154,S3.T4.1.1,2407.05154_S3.T4.1.1
5,109,0.1,False,2407.05154,S3.T4.1.1,2407.05154_S3.T4.1.1
6,109,0.1,False,2407.05154,S3.T4.1.1,2407.05154_S3.T4.1.1
7,109,0.1,False,2407.05154,S3.T4.1.1,2407.05154_S3.T4.1.1
8,109,0.1,False,2407.05154,S3.T4.1.1,2407.05154_S3.T4.1.1
9,109,0.1,False,2407.05154,S3.T4.1.1,2407.05154_S3.T4.1.1
10,109,0.1,False,2407.05154,S3.T4.1.1,2407.05154_S3.T4.1.1
1,110,0.1,False,2407.05154,S3.T5.1.1,2407.05154_S3.T5.1.1
2,110,0.1,False,2407.05154,S3.T5.1.1,2407.05154_S3.T5.1.1
3,110,0.6,True,2407.05154,S3.T5.1.1,2407.05154_S3.T5.1.1
4,110,0.1,False,2407.05154,S3.T5.1.1,2407.05154_S3.T5.1.1
5,110,0.1,False,2407.05154,S3.T5.1.1,2407.05154_S3.T5.1.1
6,110,0.1,False,2407.05154,S3.T5.1.1,2407.05154_S3.T5.1.1
7,110,0.1,False,2407.05154,S3.T5.1.1,2407.05154_S3.T5.1.1
8,110,0.1,False,2407.05154,S3.T5.1.1,2407.05154_S3.T5.1.1
9,110,0.1,False,2407.05154,S3.T5.1.1,2407.05154_S3.T5.1.1
10,110,0.1,False,2407.05154,S3.T5.1.1,2407.05154_S3.T5.1.1
1,111,0.1,False,2407.05154,S3.T6.1.1,2407.05154_S3.T6.1.1
2,111,0.1,False,2407.05154,S3.T6.1.1,2407.05154_S3.T6.1.1
3,111,0.6,True,2407.05154,S3.T6.1.1,2407.05154_S3.T6.1.1
4,111,0.1,False,2407.05154,S3.T6.1.1,2407.05154_S3.T6.1.1
5,111,0.1,False,2407.05154,S3.T6.1.1,2407.05154_S3.T6.1.1
6,111,0.7,True,2407.05154,S3.T6.1.1,2407.05154_S3.T6.1.1
7,111,0.1,False,2407.05154,S3.T6.1.1,2407.05154_S3.T6.1.1
8,111,0.1,False,2407.05154,S3.T6.1.1,2407.05154_S3.T6.1.1
9,111,0.1,False,2407.05154,S3.T6.1.1,2407.05154_S3.T6.1.1
10,111,0.1,False,2407.05154,S3.T6.1.1,2407.05154_S3.T6.1.1
1,112,0.1,False,2407.05154,S4.T7.11,2407.05154_S4.T7.11
2,112,0.1,False,2407.05154,S4.T7.11,2407.05154_S4.T7.11
3,112,0.7,True,2407.05154,S4.T7.11,2407.05154_S4.T7.11
4,112,0.1,False,2407.05154,S4.T7.11,2407.05154_S4.T7.11
5,112,0.1,False,2407.05154,S4.T7.11,2407.05154_S4.T7.11
6,112,0.1,False,2407.05154,S4.T7.11,2407.05154_S4.T7.11
7,112,0.1,False,2407.05154,S4.T7.11,2407.05154_S4.T7.11
8,112,0.1,False,2407.05154,S4.T7.11,2407.05154_S4.T7.11
9,112,0.1,False,2407.05154,S4.T7.11,2407.05154_S4.T7.11
10,112,0.1,False,2407.05154,S4.T7.11,2407.05154_S4.T7.11
1,113,0.1,False,2407.05154,S4.T8.3,2407.05154_S4.T8.3
2,113,0.0,False,2407.05154,S4.T8.3,2407.05154_S4.T8.3
3,113,0.6,True,2407.05154,S4.T8.3,2407.05154_S4.T8.3
4,113,0.1,False,2407.05154,S4.T8.3,2407.05154_S4.T8.3
5,113,0.1,False,2407.05154,S4.T8.3,2407.05154_S4.T8.3
6,113,0.1,False,2407.05154,S4.T8.3,2407.05154_S4.T8.3
7,113,0.1,False,2407.05154,S4.T8.3,2407.05154_S4.T8.3
8,113,0.1,False,2407.05154,S4.T8.3,2407.05154_S4.T8.3
9,113,0.1,False,2407.05154,S4.T8.3,2407.05154_S4.T8.3
10,113,0.1,False,2407.05154,S4.T8.3,2407.05154_S4.T8.3
1,114,0.1,False,2407.05154,S4.T9.2.2,2407.05154_S4.T9.2.2
2,114,0.1,False,2407.05154,S4.T9.2.2,2407.05154_S4.T9.2.2
3,114,0.1,False,2407.05154,S4.T9.2.2,2407.05154_S4.T9.2.2
4,114,0.1,False,2407.05154,S4.T9.2.2,2407.05154_S4.T9.2.2
5,114,0.1,False,2407.05154,S4.T9.2.2,2407.05154_S4.T9.2.2
6,114,0.1,False,2407.05154,S4.T9.2.2,2407.05154_S4.T9.2.2
7,114,0.1,False,2407.05154,S4.T9.2.2,2407.05154_S4.T9.2.2
8,114,0.1,False,2407.05154,S4.T9.2.2,2407.05154_S4.T9.2.2
9,114,0.1,False,2407.05154,S4.T9.2.2,2407.05154_S4.T9.2.2
10,114,0.1,False,2407.05154,S4.T9.2.2,2407.05154_S4.T9.2.2
1,115,0.1,False,2407.05154,S4.T10.19.19,2407.05154_S4.T10.19.19
2,115,0.0,False,2407.05154,S4.T10.19.19,2407.05154_S4.T10.19.19
3,115,0.1,False,2407.05154,S4.T10.19.19,2407.05154_S4.T10.19.19
4,115,0.1,False,2407.05154,S4.T10.19.19,2407.05154_S4.T10.19.19
5,115,0.1,False,2407.05154,S4.T10.19.19,2407.05154_S4.T10.19.19
6,115,0.1,False,2407.05154,S4.T10.19.19,2407.05154_S4.T10.19.19
7,115,0.1,False,2407.05154,S4.T10.19.19,2407.05154_S4.T10.19.19
8,115,0.1,False,2407.05154,S4.T10.19.19,2407.05154_S4.T10.19.19
9,115,0.1,False,2407.05154,S4.T10.19.19,2407.05154_S4.T10.19.19
10,115,0.1,False,2407.05154,S4.T10.19.19,2407.05154_S4.T10.19.19
1,116,0.1,False,2407.05154,S4.T11.3.3,2407.05154_S4.T11.3.3
2,116,0.1,False,2407.05154,S4.T11.3.3,2407.05154_S4.T11.3.3
3,116,0.1,False,2407.05154,S4.T11.3.3,2407.05154_S4.T11.3.3
4,116,0.1,False,2407.05154,S4.T11.3.3,2407.05154_S4.T11.3.3
5,116,0.1,False,2407.05154,S4.T11.3.3,2407.05154_S4.T11.3.3
6,116,0.1,False,2407.05154,S4.T11.3.3,2407.05154_S4.T11.3.3
7,116,0.1,False,2407.05154,S4.T11.3.3,2407.05154_S4.T11.3.3
8,116,0.1,False,2407.05154,S4.T11.3.3,2407.05154_S4.T11.3.3
9,116,0.1,False,2407.05154,S4.T11.3.3,2407.05154_S4.T11.3.3
10,116,0.1,False,2407.05154,S4.T11.3.3,2407.05154_S4.T11.3.3
1,117,0.1,False,2407.05154,S5.T12.1,2407.05154_S5.T12.1
2,117,0.1,False,2407.05154,S5.T12.1,2407.05154_S5.T12.1
3,117,0.3,True,2407.05154,S5.T12.1,2407.05154_S5.T12.1
4,117,0.1,False,2407.05154,S5.T12.1,2407.05154_S5.T12.1
5,117,0.1,False,2407.05154,S5.T12.1,2407.05154_S5.T12.1
6,117,0.1,False,2407.05154,S5.T12.1,2407.05154_S5.T12.1
7,117,0.1,False,2407.05154,S5.T12.1,2407.05154_S5.T12.1
8,117,0.1,False,2407.05154,S5.T12.1,2407.05154_S5.T12.1
9,117,0.1,False,2407.05154,S5.T12.1,2407.05154_S5.T12.1
10,117,0.1,False,2407.05154,S5.T12.1,2407.05154_S5.T12.1
1,118,0.1,False,2407.05154,S5.E2,2407.05154_S5.E2
2,118,0.1,False,2407.05154,S5.E2,2407.05154_S5.E2
3,118,0.1,False,2407.05154,S5.E2,2407.05154_S5.E2
4,118,0.1,False,2407.05154,S5.E2,2407.05154_S5.E2
5,118,0.1,False,2407.05154,S5.E2,2407.05154_S5.E2
6,118,0.1,False,2407.05154,S5.E2,2407.05154_S5.E2
7,118,0.0,False,2407.05154,S5.E2,2407.05154_S5.E2
8,118,0.1,False,2407.05154,S5.E2,2407.05154_S5.E2
9,118,0.1,False,2407.05154,S5.E2,2407.05154_S5.E2
10,118,0.1,False,2407.05154,S5.E2,2407.05154_S5.E2
1,119,0.1,False,2407.05154,A1.EGx2,2407.05154_A1.EGx2
2,119,0.1,False,2407.05154,A1.EGx2,2407.05154_A1.EGx2
3,119,0.1,False,2407.05154,A1.EGx2,2407.05154_A1.EGx2
4,119,0.1,False,2407.05154,A1.EGx2,2407.05154_A1.EGx2
5,119,0.1,False,2407.05154,A1.EGx2,2407.05154_A1.EGx2
6,119,0.1,False,2407.05154,A1.EGx2,2407.05154_A1.EGx2
7,119,0.1,False,2407.05154,A1.EGx2,2407.05154_A1.EGx2
8,119,0.1,False,2407.05154,A1.EGx2,2407.05154_A1.EGx2
9,119,0.1,False,2407.05154,A1.EGx2,2407.05154_A1.EGx2
10,119,0.1,False,2407.05154,A1.EGx2,2407.05154_A1.EGx2
1,120,0.1,False,2407.05154,A1.EGx3,2407.05154_A1.EGx3
2,120,0.0,False,2407.05154,A1.EGx3,2407.05154_A1.EGx3
3,120,0.1,False,2407.05154,A1.EGx3,2407.05154_A1.EGx3
4,120,0.1,False,2407.05154,A1.EGx3,2407.05154_A1.EGx3
5,120,0.1,False,2407.05154,A1.EGx3,2407.05154_A1.EGx3
6,120,0.1,False,2407.05154,A1.EGx3,2407.05154_A1.EGx3
7,120,0.1,False,2407.05154,A1.EGx3,2407.05154_A1.EGx3
8,120,0.1,False,2407.05154,A1.EGx3,2407.05154_A1.EGx3
9,120,0.1,False,2407.05154,A1.EGx3,2407.05154_A1.EGx3
10,120,0.1,False,2407.05154,A1.EGx3,2407.05154_A1.EGx3
1,121,0.1,False,2407.05154,A1.EGx4,2407.05154_A1.EGx4
2,121,0.1,False,2407.05154,A1.EGx4,2407.05154_A1.EGx4
3,121,0.1,False,2407.05154,A1.EGx4,2407.05154_A1.EGx4
4,121,0.1,False,2407.05154,A1.EGx4,2407.05154_A1.EGx4
5,121,0.1,False,2407.05154,A1.EGx4,2407.05154_A1.EGx4
6,121,0.1,False,2407.05154,A1.EGx4,2407.05154_A1.EGx4
7,121,0.1,False,2407.05154,A1.EGx4,2407.05154_A1.EGx4
8,121,0.1,False,2407.05154,A1.EGx4,2407.05154_A1.EGx4
9,121,0.7,True,2407.05154,A1.EGx4,2407.05154_A1.EGx4
10,121,0.1,False,2407.05154,A1.EGx4,2407.05154_A1.EGx4
1,122,0.1,False,2407.05154,A1.p2.1,2407.05154_A1.p2.1
2,122,0.1,False,2407.05154,A1.p2.1,2407.05154_A1.p2.1
3,122,0.1,False,2407.05154,A1.p2.1,2407.05154_A1.p2.1
4,122,0.1,False,2407.05154,A1.p2.1,2407.05154_A1.p2.1
5,122,0.1,False,2407.05154,A1.p2.1,2407.05154_A1.p2.1
6,122,0.1,False,2407.05154,A1.p2.1,2407.05154_A1.p2.1
7,122,0.1,False,2407.05154,A1.p2.1,2407.05154_A1.p2.1
8,122,0.1,False,2407.05154,A1.p2.1,2407.05154_A1.p2.1
9,122,0.1,False,2407.05154,A1.p2.1,2407.05154_A1.p2.1
10,122,0.1,False,2407.05154,A1.p2.1,2407.05154_A1.p2.1
1,123,0.1,False,2407.05154,A1.p3.1,2407.05154_A1.p3.1
2,123,0.1,False,2407.05154,A1.p3.1,2407.05154_A1.p3.1
3,123,0.1,False,2407.05154,A1.p3.1,2407.05154_A1.p3.1
4,123,0.1,False,2407.05154,A1.p3.1,2407.05154_A1.p3.1
5,123,0.1,False,2407.05154,A1.p3.1,2407.05154_A1.p3.1
6,123,0.1,False,2407.05154,A1.p3.1,2407.05154_A1.p3.1
7,123,0.1,False,2407.05154,A1.p3.1,2407.05154_A1.p3.1
8,123,0.1,False,2407.05154,A1.p3.1,2407.05154_A1.p3.1
9,123,0.1,False,2407.05154,A1.p3.1,2407.05154_A1.p3.1
10,123,0.1,False,2407.05154,A1.p3.1,2407.05154_A1.p3.1
1,124,0.1,False,2408.01931v2,S3.T1,2408.01931v2_S3.T1
2,124,0.05,False,2408.01931v2,S3.T1,2408.01931v2_S3.T1
3,124,0.6,True,2408.01931v2,S3.T1,2408.01931v2_S3.T1
4,124,0.1,False,2408.01931v2,S3.T1,2408.01931v2_S3.T1
5,124,0.1,False,2408.01931v2,S3.T1,2408.01931v2_S3.T1
6,124,0.1,False,2408.01931v2,S3.T1,2408.01931v2_S3.T1
7,124,0.1,False,2408.01931v2,S3.T1,2408.01931v2_S3.T1
8,124,0.1,False,2408.01931v2,S3.T1,2408.01931v2_S3.T1
9,124,0.1,False,2408.01931v2,S3.T1,2408.01931v2_S3.T1
10,124,0.1,False,2408.01931v2,S3.T1,2408.01931v2_S3.T1
1,125,0.1,False,2408.01931v2,S5.T2,2408.01931v2_S5.T2
2,125,0.1,False,2408.01931v2,S5.T2,2408.01931v2_S5.T2
3,125,0.1,False,2408.01931v2,S5.T2,2408.01931v2_S5.T2
4,125,0.1,False,2408.01931v2,S5.T2,2408.01931v2_S5.T2
5,125,0.1,False,2408.01931v2,S5.T2,2408.01931v2_S5.T2
6,125,0.1,False,2408.01931v2,S5.T2,2408.01931v2_S5.T2
7,125,0.1,False,2408.01931v2,S5.T2,2408.01931v2_S5.T2
8,125,0.1,False,2408.01931v2,S5.T2,2408.01931v2_S5.T2
9,125,0.1,False,2408.01931v2,S5.T2,2408.01931v2_S5.T2
10,125,0.1,False,2408.01931v2,S5.T2,2408.01931v2_S5.T2
1,126,0.1,False,2408.01931v2,S5.T3,2408.01931v2_S5.T3
2,126,0.1,False,2408.01931v2,S5.T3,2408.01931v2_S5.T3
3,126,0.6,True,2408.01931v2,S5.T3,2408.01931v2_S5.T3
4,126,0.1,False,2408.01931v2,S5.T3,2408.01931v2_S5.T3
5,126,0.1,False,2408.01931v2,S5.T3,2408.01931v2_S5.T3
6,126,0.1,False,2408.01931v2,S5.T3,2408.01931v2_S5.T3
7,126,0.1,False,2408.01931v2,S5.T3,2408.01931v2_S5.T3
8,126,0.1,False,2408.01931v2,S5.T3,2408.01931v2_S5.T3
9,126,0.1,False,2408.01931v2,S5.T3,2408.01931v2_S5.T3
10,126,0.1,False,2408.01931v2,S5.T3,2408.01931v2_S5.T3
1,127,0.1,False,2408.01931v2,S5.T4,2408.01931v2_S5.T4
2,127,0.0,False,2408.01931v2,S5.T4,2408.01931v2_S5.T4
3,127,0.4,True,2408.01931v2,S5.T4,2408.01931v2_S5.T4
4,127,0.1,False,2408.01931v2,S5.T4,2408.01931v2_S5.T4
5,127,0.1,False,2408.01931v2,S5.T4,2408.01931v2_S5.T4
6,127,0.1,False,2408.01931v2,S5.T4,2408.01931v2_S5.T4
7,127,0.1,False,2408.01931v2,S5.T4,2408.01931v2_S5.T4
8,127,0.1,False,2408.01931v2,S5.T4,2408.01931v2_S5.T4
9,127,0.1,False,2408.01931v2,S5.T4,2408.01931v2_S5.T4
10,127,0.1,False,2408.01931v2,S5.T4,2408.01931v2_S5.T4
1,128,0.1,False,2408.01931v2,S5.T5,2408.01931v2_S5.T5
2,128,0.1,False,2408.01931v2,S5.T5,2408.01931v2_S5.T5
3,128,0.1,False,2408.01931v2,S5.T5,2408.01931v2_S5.T5
4,128,0.1,False,2408.01931v2,S5.T5,2408.01931v2_S5.T5
5,128,0.1,False,2408.01931v2,S5.T5,2408.01931v2_S5.T5
6,128,0.1,False,2408.01931v2,S5.T5,2408.01931v2_S5.T5
7,128,0.1,False,2408.01931v2,S5.T5,2408.01931v2_S5.T5
8,128,0.1,False,2408.01931v2,S5.T5,2408.01931v2_S5.T5
9,128,0.1,False,2408.01931v2,S5.T5,2408.01931v2_S5.T5
10,128,0.1,False,2408.01931v2,S5.T5,2408.01931v2_S5.T5
1,129,0.1,False,2408.01931v2,S5.T6,2408.01931v2_S5.T6
2,129,0.1,False,2408.01931v2,S5.T6,2408.01931v2_S5.T6
3,129,0.1,False,2408.01931v2,S5.T6,2408.01931v2_S5.T6
4,129,0.1,False,2408.01931v2,S5.T6,2408.01931v2_S5.T6
5,129,0.1,False,2408.01931v2,S5.T6,2408.01931v2_S5.T6
6,129,0.1,False,2408.01931v2,S5.T6,2408.01931v2_S5.T6
7,129,0.1,False,2408.01931v2,S5.T6,2408.01931v2_S5.T6
8,129,0.1,False,2408.01931v2,S5.T6,2408.01931v2_S5.T6
9,129,0.1,False,2408.01931v2,S5.T6,2408.01931v2_S5.T6
10,129,0.1,False,2408.01931v2,S5.T6,2408.01931v2_S5.T6
1,130,0.1,False,2408.01931v2,S5.T7,2408.01931v2_S5.T7
2,130,0.1,False,2408.01931v2,S5.T7,2408.01931v2_S5.T7
3,130,0.1,False,2408.01931v2,S5.T7,2408.01931v2_S5.T7
4,130,0.1,False,2408.01931v2,S5.T7,2408.01931v2_S5.T7
5,130,0.1,False,2408.01931v2,S5.T7,2408.01931v2_S5.T7
6,130,0.1,False,2408.01931v2,S5.T7,2408.01931v2_S5.T7
7,130,0.1,False,2408.01931v2,S5.T7,2408.01931v2_S5.T7
8,130,0.1,False,2408.01931v2,S5.T7,2408.01931v2_S5.T7
9,130,0.1,False,2408.01931v2,S5.T7,2408.01931v2_S5.T7
10,130,0.1,False,2408.01931v2,S5.T7,2408.01931v2_S5.T7
1,131,0.1,False,2408.02575v1,S2.T1,2408.02575v1_S2.T1
2,131,0.1,False,2408.02575v1,S2.T1,2408.02575v1_S2.T1
3,131,0.6,True,2408.02575v1,S2.T1,2408.02575v1_S2.T1
4,131,0.1,False,2408.02575v1,S2.T1,2408.02575v1_S2.T1
5,131,0.6,True,2408.02575v1,S2.T1,2408.02575v1_S2.T1
6,131,0.1,False,2408.02575v1,S2.T1,2408.02575v1_S2.T1
7,131,0.1,False,2408.02575v1,S2.T1,2408.02575v1_S2.T1
8,131,0.1,False,2408.02575v1,S2.T1,2408.02575v1_S2.T1
9,131,0.1,False,2408.02575v1,S2.T1,2408.02575v1_S2.T1
10,131,0.1,False,2408.02575v1,S2.T1,2408.02575v1_S2.T1
1,132,0.1,False,2408.02575v1,S2.T2,2408.02575v1_S2.T2
2,132,0.1,False,2408.02575v1,S2.T2,2408.02575v1_S2.T2
3,132,0.6,True,2408.02575v1,S2.T2,2408.02575v1_S2.T2
4,132,0.2,True,2408.02575v1,S2.T2,2408.02575v1_S2.T2
5,132,0.5,True,2408.02575v1,S2.T2,2408.02575v1_S2.T2
6,132,0.1,False,2408.02575v1,S2.T2,2408.02575v1_S2.T2
7,132,0.1,False,2408.02575v1,S2.T2,2408.02575v1_S2.T2
8,132,0.1,False,2408.02575v1,S2.T2,2408.02575v1_S2.T2
9,132,0.1,False,2408.02575v1,S2.T2,2408.02575v1_S2.T2
10,132,0.1,False,2408.02575v1,S2.T2,2408.02575v1_S2.T2
1,133,0.1,False,2409.03893v2,S2.T1,2409.03893v2_S2.T1
2,133,0.1,False,2409.03893v2,S2.T1,2409.03893v2_S2.T1
3,133,0.6,True,2409.03893v2,S2.T1,2409.03893v2_S2.T1
4,133,0.1,False,2409.03893v2,S2.T1,2409.03893v2_S2.T1
5,133,0.85,True,2409.03893v2,S2.T1,2409.03893v2_S2.T1
6,133,0.6,True,2409.03893v2,S2.T1,2409.03893v2_S2.T1
7,133,0.1,False,2409.03893v2,S2.T1,2409.03893v2_S2.T1
8,133,0.1,False,2409.03893v2,S2.T1,2409.03893v2_S2.T1
9,133,0.1,False,2409.03893v2,S2.T1,2409.03893v2_S2.T1
10,133,0.1,False,2409.03893v2,S2.T1,2409.03893v2_S2.T1
1,134,0.1,False,2409.08498v1,S1.T1,2409.08498v1_S1.T1
2,134,0.1,False,2409.08498v1,S1.T1,2409.08498v1_S1.T1
3,134,0.6,True,2409.08498v1,S1.T1,2409.08498v1_S1.T1
4,134,0.1,False,2409.08498v1,S1.T1,2409.08498v1_S1.T1
5,134,0.85,True,2409.08498v1,S1.T1,2409.08498v1_S1.T1
6,134,0.1,False,2409.08498v1,S1.T1,2409.08498v1_S1.T1
7,134,0.1,False,2409.08498v1,S1.T1,2409.08498v1_S1.T1
8,134,0.1,False,2409.08498v1,S1.T1,2409.08498v1_S1.T1
9,134,0.1,False,2409.08498v1,S1.T1,2409.08498v1_S1.T1
10,134,0.1,False,2409.08498v1,S1.T1,2409.08498v1_S1.T1
1,135,0.1,False,2409.08498v1,S4.T2,2409.08498v1_S4.T2
2,135,0.0,False,2409.08498v1,S4.T2,2409.08498v1_S4.T2
3,135,0.6,True,2409.08498v1,S4.T2,2409.08498v1_S4.T2
4,135,0.1,False,2409.08498v1,S4.T2,2409.08498v1_S4.T2
5,135,0.7,True,2409.08498v1,S4.T2,2409.08498v1_S4.T2
6,135,0.1,False,2409.08498v1,S4.T2,2409.08498v1_S4.T2
7,135,0.1,False,2409.08498v1,S4.T2,2409.08498v1_S4.T2
8,135,0.1,False,2409.08498v1,S4.T2,2409.08498v1_S4.T2
9,135,0.1,False,2409.08498v1,S4.T2,2409.08498v1_S4.T2
10,135,0.1,False,2409.08498v1,S4.T2,2409.08498v1_S4.T2
1,136,0.1,False,2409.08498v1,S4.T3,2409.08498v1_S4.T3
2,136,0.05,False,2409.08498v1,S4.T3,2409.08498v1_S4.T3
3,136,0.1,False,2409.08498v1,S4.T3,2409.08498v1_S4.T3
4,136,0.1,False,2409.08498v1,S4.T3,2409.08498v1_S4.T3
5,136,0.1,False,2409.08498v1,S4.T3,2409.08498v1_S4.T3
6,136,0.75,True,2409.08498v1,S4.T3,2409.08498v1_S4.T3
7,136,0.1,False,2409.08498v1,S4.T3,2409.08498v1_S4.T3
8,136,0.1,False,2409.08498v1,S4.T3,2409.08498v1_S4.T3
9,136,0.1,False,2409.08498v1,S4.T3,2409.08498v1_S4.T3
10,136,0.1,False,2409.08498v1,S4.T3,2409.08498v1_S4.T3
1,137,0.1,False,2409.08498v1,S4.T4,2409.08498v1_S4.T4
2,137,0.0,False,2409.08498v1,S4.T4,2409.08498v1_S4.T4
3,137,0.7,True,2409.08498v1,S4.T4,2409.08498v1_S4.T4
4,137,0.1,False,2409.08498v1,S4.T4,2409.08498v1_S4.T4
5,137,0.2,False,2409.08498v1,S4.T4,2409.08498v1_S4.T4
6,137,0.1,False,2409.08498v1,S4.T4,2409.08498v1_S4.T4
7,137,0.1,False,2409.08498v1,S4.T4,2409.08498v1_S4.T4
8,137,0.1,False,2409.08498v1,S4.T4,2409.08498v1_S4.T4
9,137,0.1,False,2409.08498v1,S4.T4,2409.08498v1_S4.T4
10,137,0.1,False,2409.08498v1,S4.T4,2409.08498v1_S4.T4
1,138,0.1,False,2409.08498v1,S5.T5,2409.08498v1_S5.T5
2,138,0.1,False,2409.08498v1,S5.T5,2409.08498v1_S5.T5
3,138,0.1,False,2409.08498v1,S5.T5,2409.08498v1_S5.T5
4,138,0.1,False,2409.08498v1,S5.T5,2409.08498v1_S5.T5
5,138,0.75,True,2409.08498v1,S5.T5,2409.08498v1_S5.T5
6,138,0.1,False,2409.08498v1,S5.T5,2409.08498v1_S5.T5
7,138,0.1,False,2409.08498v1,S5.T5,2409.08498v1_S5.T5
8,138,0.1,False,2409.08498v1,S5.T5,2409.08498v1_S5.T5
9,138,0.1,False,2409.08498v1,S5.T5,2409.08498v1_S5.T5
10,138,0.1,False,2409.08498v1,S5.T5,2409.08498v1_S5.T5
1,139,0.1,False,2409.08498v1,S5.T6,2409.08498v1_S5.T6
2,139,0.05,False,2409.08498v1,S5.T6,2409.08498v1_S5.T6
3,139,0.1,False,2409.08498v1,S5.T6,2409.08498v1_S5.T6
4,139,0.1,False,2409.08498v1,S5.T6,2409.08498v1_S5.T6
5,139,0.8,True,2409.08498v1,S5.T6,2409.08498v1_S5.T6
6,139,0.1,False,2409.08498v1,S5.T6,2409.08498v1_S5.T6
7,139,0.1,False,2409.08498v1,S5.T6,2409.08498v1_S5.T6
8,139,0.1,False,2409.08498v1,S5.T6,2409.08498v1_S5.T6
9,139,0.1,False,2409.08498v1,S5.T6,2409.08498v1_S5.T6
10,139,0.1,False,2409.08498v1,S5.T6,2409.08498v1_S5.T6
1,140,0.1,False,2409.08498v1,S5.T7,2409.08498v1_S5.T7
2,140,0.1,False,2409.08498v1,S5.T7,2409.08498v1_S5.T7
3,140,0.1,False,2409.08498v1,S5.T7,2409.08498v1_S5.T7
4,140,0.1,False,2409.08498v1,S5.T7,2409.08498v1_S5.T7
5,140,0.6,True,2409.08498v1,S5.T7,2409.08498v1_S5.T7
6,140,0.1,False,2409.08498v1,S5.T7,2409.08498v1_S5.T7
7,140,0.1,False,2409.08498v1,S5.T7,2409.08498v1_S5.T7
8,140,0.1,False,2409.08498v1,S5.T7,2409.08498v1_S5.T7
9,140,0.1,False,2409.08498v1,S5.T7,2409.08498v1_S5.T7
10,140,0.1,False,2409.08498v1,S5.T7,2409.08498v1_S5.T7
1,141,0.1,False,2409.08498v1,S5.T8,2409.08498v1_S5.T8
2,141,0.1,False,2409.08498v1,S5.T8,2409.08498v1_S5.T8
3,141,0.1,False,2409.08498v1,S5.T8,2409.08498v1_S5.T8
4,141,0.1,False,2409.08498v1,S5.T8,2409.08498v1_S5.T8
5,141,0.7,True,2409.08498v1,S5.T8,2409.08498v1_S5.T8
6,141,0.1,False,2409.08498v1,S5.T8,2409.08498v1_S5.T8
7,141,0.1,False,2409.08498v1,S5.T8,2409.08498v1_S5.T8
8,141,0.1,False,2409.08498v1,S5.T8,2409.08498v1_S5.T8
9,141,0.1,False,2409.08498v1,S5.T8,2409.08498v1_S5.T8
10,141,0.1,False,2409.08498v1,S5.T8,2409.08498v1_S5.T8
1,142,0.1,False,2409.08498v1,S5.T10,2409.08498v1_S5.T10
2,142,0.1,False,2409.08498v1,S5.T10,2409.08498v1_S5.T10
3,142,0.1,False,2409.08498v1,S5.T10,2409.08498v1_S5.T10
4,142,0.1,False,2409.08498v1,S5.T10,2409.08498v1_S5.T10
5,142,0.1,False,2409.08498v1,S5.T10,2409.08498v1_S5.T10
6,142,0.1,False,2409.08498v1,S5.T10,2409.08498v1_S5.T10
7,142,0.1,False,2409.08498v1,S5.T10,2409.08498v1_S5.T10
8,142,0.1,False,2409.08498v1,S5.T10,2409.08498v1_S5.T10
9,142,0.1,False,2409.08498v1,S5.T10,2409.08498v1_S5.T10
10,142,0.1,False,2409.08498v1,S5.T10,2409.08498v1_S5.T10
1,143,0.1,False,2409.08498v1,S5.T11,2409.08498v1_S5.T11
2,143,0.1,False,2409.08498v1,S5.T11,2409.08498v1_S5.T11
3,143,0.7,True,2409.08498v1,S5.T11,2409.08498v1_S5.T11
4,143,0.1,False,2409.08498v1,S5.T11,2409.08498v1_S5.T11
5,143,0.6,True,2409.08498v1,S5.T11,2409.08498v1_S5.T11
6,143,0.1,False,2409.08498v1,S5.T11,2409.08498v1_S5.T11
7,143,0.1,False,2409.08498v1,S5.T11,2409.08498v1_S5.T11
8,143,0.1,False,2409.08498v1,S5.T11,2409.08498v1_S5.T11
9,143,0.1,False,2409.08498v1,S5.T11,2409.08498v1_S5.T11
10,143,0.1,False,2409.08498v1,S5.T11,2409.08498v1_S5.T11
1,144,0.1,False,2409.08498v1,A1.T12,2409.08498v1_A1.T12
2,144,0.0,False,2409.08498v1,A1.T12,2409.08498v1_A1.T12
3,144,0.1,False,2409.08498v1,A1.T12,2409.08498v1_A1.T12
4,144,0.1,False,2409.08498v1,A1.T12,2409.08498v1_A1.T12
5,144,0.1,False,2409.08498v1,A1.T12,2409.08498v1_A1.T12
6,144,0.1,False,2409.08498v1,A1.T12,2409.08498v1_A1.T12
7,144,0.1,False,2409.08498v1,A1.T12,2409.08498v1_A1.T12
8,144,0.1,False,2409.08498v1,A1.T12,2409.08498v1_A1.T12
9,144,0.6,True,2409.08498v1,A1.T12,2409.08498v1_A1.T12
10,144,0.1,False,2409.08498v1,A1.T12,2409.08498v1_A1.T12
1,145,0.1,False,2409.08498v1,A2.T13,2409.08498v1_A2.T13
2,145,0.1,False,2409.08498v1,A2.T13,2409.08498v1_A2.T13
3,145,0.1,False,2409.08498v1,A2.T13,2409.08498v1_A2.T13
4,145,0.1,False,2409.08498v1,A2.T13,2409.08498v1_A2.T13
5,145,0.7,True,2409.08498v1,A2.T13,2409.08498v1_A2.T13
6,145,0.1,False,2409.08498v1,A2.T13,2409.08498v1_A2.T13
7,145,0.1,False,2409.08498v1,A2.T13,2409.08498v1_A2.T13
8,145,0.1,False,2409.08498v1,A2.T13,2409.08498v1_A2.T13
9,145,0.1,False,2409.08498v1,A2.T13,2409.08498v1_A2.T13
10,145,0.1,False,2409.08498v1,A2.T13,2409.08498v1_A2.T13
1,146,0.1,False,2409.08498v1,A2.T14,2409.08498v1_A2.T14
2,146,0.1,False,2409.08498v1,A2.T14,2409.08498v1_A2.T14
3,146,0.1,False,2409.08498v1,A2.T14,2409.08498v1_A2.T14
4,146,0.1,False,2409.08498v1,A2.T14,2409.08498v1_A2.T14
5,146,0.6,True,2409.08498v1,A2.T14,2409.08498v1_A2.T14
6,146,0.1,False,2409.08498v1,A2.T14,2409.08498v1_A2.T14
7,146,0.1,False,2409.08498v1,A2.T14,2409.08498v1_A2.T14
8,146,0.1,False,2409.08498v1,A2.T14,2409.08498v1_A2.T14
9,146,0.1,False,2409.08498v1,A2.T14,2409.08498v1_A2.T14
10,146,0.1,False,2409.08498v1,A2.T14,2409.08498v1_A2.T14
1,147,0.1,False,2409.08933v1,S2.T1,2409.08933v1_S2.T1
2,147,0.0,False,2409.08933v1,S2.T1,2409.08933v1_S2.T1
3,147,0.1,False,2409.08933v1,S2.T1,2409.08933v1_S2.T1
4,147,0.1,False,2409.08933v1,S2.T1,2409.08933v1_S2.T1
5,147,0.05,False,2409.08933v1,S2.T1,2409.08933v1_S2.T1
6,147,0.1,False,2409.08933v1,S2.T1,2409.08933v1_S2.T1
7,147,0.0,False,2409.08933v1,S2.T1,2409.08933v1_S2.T1
8,147,0.1,False,2409.08933v1,S2.T1,2409.08933v1_S2.T1
9,147,0.1,False,2409.08933v1,S2.T1,2409.08933v1_S2.T1
10,147,0.05,False,2409.08933v1,S2.T1,2409.08933v1_S2.T1
1,148,0.1,False,2409.08933v1,S5.T2,2409.08933v1_S5.T2
2,148,0.0,False,2409.08933v1,S5.T2,2409.08933v1_S5.T2
3,148,0.7,True,2409.08933v1,S5.T2,2409.08933v1_S5.T2
4,148,0.1,False,2409.08933v1,S5.T2,2409.08933v1_S5.T2
5,148,0.1,False,2409.08933v1,S5.T2,2409.08933v1_S5.T2
6,148,0.1,False,2409.08933v1,S5.T2,2409.08933v1_S5.T2
7,148,0.1,False,2409.08933v1,S5.T2,2409.08933v1_S5.T2
8,148,0.1,False,2409.08933v1,S5.T2,2409.08933v1_S5.T2
9,148,0.1,False,2409.08933v1,S5.T2,2409.08933v1_S5.T2
10,148,0.1,False,2409.08933v1,S5.T2,2409.08933v1_S5.T2
1,149,0.1,False,2409.08933v1,S5.T3,2409.08933v1_S5.T3
2,149,0.0,False,2409.08933v1,S5.T3,2409.08933v1_S5.T3
3,149,0.1,False,2409.08933v1,S5.T3,2409.08933v1_S5.T3
4,149,0.1,False,2409.08933v1,S5.T3,2409.08933v1_S5.T3
5,149,0.1,False,2409.08933v1,S5.T3,2409.08933v1_S5.T3
6,149,0.1,False,2409.08933v1,S5.T3,2409.08933v1_S5.T3
7,149,0.1,False,2409.08933v1,S5.T3,2409.08933v1_S5.T3
8,149,0.1,False,2409.08933v1,S5.T3,2409.08933v1_S5.T3
9,149,0.1,False,2409.08933v1,S5.T3,2409.08933v1_S5.T3
10,149,0.1,False,2409.08933v1,S5.T3,2409.08933v1_S5.T3
1,150,0.1,False,2409.08933v1,S5.T4,2409.08933v1_S5.T4
2,150,0.0,False,2409.08933v1,S5.T4,2409.08933v1_S5.T4
3,150,0.1,False,2409.08933v1,S5.T4,2409.08933v1_S5.T4
4,150,0.1,False,2409.08933v1,S5.T4,2409.08933v1_S5.T4
5,150,0.0,False,2409.08933v1,S5.T4,2409.08933v1_S5.T4
6,150,0.0,False,2409.08933v1,S5.T4,2409.08933v1_S5.T4
7,150,0.1,False,2409.08933v1,S5.T4,2409.08933v1_S5.T4
8,150,0.1,False,2409.08933v1,S5.T4,2409.08933v1_S5.T4
9,150,0.1,False,2409.08933v1,S5.T4,2409.08933v1_S5.T4
10,150,0.05,False,2409.08933v1,S5.T4,2409.08933v1_S5.T4
1,151,0.1,False,2409.08933v1,S5.T5,2409.08933v1_S5.T5
2,151,0.0,False,2409.08933v1,S5.T5,2409.08933v1_S5.T5
3,151,0.1,False,2409.08933v1,S5.T5,2409.08933v1_S5.T5
4,151,0.1,False,2409.08933v1,S5.T5,2409.08933v1_S5.T5
5,151,0.1,False,2409.08933v1,S5.T5,2409.08933v1_S5.T5
6,151,0.1,False,2409.08933v1,S5.T5,2409.08933v1_S5.T5
7,151,0.1,False,2409.08933v1,S5.T5,2409.08933v1_S5.T5
8,151,0.0,False,2409.08933v1,S5.T5,2409.08933v1_S5.T5
9,151,0.1,False,2409.08933v1,S5.T5,2409.08933v1_S5.T5
10,151,0.1,False,2409.08933v1,S5.T5,2409.08933v1_S5.T5
1,152,0.1,False,2409.08933v1,S5.T6,2409.08933v1_S5.T6
2,152,0.0,False,2409.08933v1,S5.T6,2409.08933v1_S5.T6
3,152,0.1,False,2409.08933v1,S5.T6,2409.08933v1_S5.T6
4,152,0.1,False,2409.08933v1,S5.T6,2409.08933v1_S5.T6
5,152,0.1,False,2409.08933v1,S5.T6,2409.08933v1_S5.T6
6,152,0.05,False,2409.08933v1,S5.T6,2409.08933v1_S5.T6
7,152,0.1,False,2409.08933v1,S5.T6,2409.08933v1_S5.T6
8,152,0.05,False,2409.08933v1,S5.T6,2409.08933v1_S5.T6
9,152,0.1,False,2409.08933v1,S5.T6,2409.08933v1_S5.T6
10,152,0.1,False,2409.08933v1,S5.T6,2409.08933v1_S5.T6
1,153,0.1,False,2409.17874,S3.T1.5.1,2409.17874_S3.T1.5.1
2,153,0.0,False,2409.17874,S3.T1.5.1,2409.17874_S3.T1.5.1
3,153,0.1,False,2409.17874,S3.T1.5.1,2409.17874_S3.T1.5.1
4,153,0.1,False,2409.17874,S3.T1.5.1,2409.17874_S3.T1.5.1
5,153,0.1,False,2409.17874,S3.T1.5.1,2409.17874_S3.T1.5.1
6,153,0.1,False,2409.17874,S3.T1.5.1,2409.17874_S3.T1.5.1
7,153,0.85,True,2409.17874,S3.T1.5.1,2409.17874_S3.T1.5.1
8,153,0.1,False,2409.17874,S3.T1.5.1,2409.17874_S3.T1.5.1
9,153,0.1,False,2409.17874,S3.T1.5.1,2409.17874_S3.T1.5.1
10,153,0.1,False,2409.17874,S3.T1.5.1,2409.17874_S3.T1.5.1
1,154,0.1,False,2409.17874,S4.T2.4.2,2409.17874_S4.T2.4.2
2,154,0.1,False,2409.17874,S4.T2.4.2,2409.17874_S4.T2.4.2
3,154,0.1,False,2409.17874,S4.T2.4.2,2409.17874_S4.T2.4.2
4,154,0.1,False,2409.17874,S4.T2.4.2,2409.17874_S4.T2.4.2
5,154,0.1,False,2409.17874,S4.T2.4.2,2409.17874_S4.T2.4.2
6,154,0.1,False,2409.17874,S4.T2.4.2,2409.17874_S4.T2.4.2
7,154,0.7,True,2409.17874,S4.T2.4.2,2409.17874_S4.T2.4.2
8,154,0.1,False,2409.17874,S4.T2.4.2,2409.17874_S4.T2.4.2
9,154,0.1,False,2409.17874,S4.T2.4.2,2409.17874_S4.T2.4.2
10,154,0.1,False,2409.17874,S4.T2.4.2,2409.17874_S4.T2.4.2
1,155,0.1,False,2409.17874,S4.T3.2.2,2409.17874_S4.T3.2.2
2,155,0.1,False,2409.17874,S4.T3.2.2,2409.17874_S4.T3.2.2
3,155,0.1,False,2409.17874,S4.T3.2.2,2409.17874_S4.T3.2.2
4,155,0.1,False,2409.17874,S4.T3.2.2,2409.17874_S4.T3.2.2
5,155,0.4,True,2409.17874,S4.T3.2.2,2409.17874_S4.T3.2.2
6,155,0.1,False,2409.17874,S4.T3.2.2,2409.17874_S4.T3.2.2
7,155,0.1,False,2409.17874,S4.T3.2.2,2409.17874_S4.T3.2.2
8,155,0.1,False,2409.17874,S4.T3.2.2,2409.17874_S4.T3.2.2
9,155,0.1,False,2409.17874,S4.T3.2.2,2409.17874_S4.T3.2.2
10,155,0.1,False,2409.17874,S4.T3.2.2,2409.17874_S4.T3.2.2
1,156,0.1,False,2409.17874,A3.T1.2.2,2409.17874_A3.T1.2.2
2,156,0.1,False,2409.17874,A3.T1.2.2,2409.17874_A3.T1.2.2
3,156,0.1,False,2409.17874,A3.T1.2.2,2409.17874_A3.T1.2.2
4,156,0.1,False,2409.17874,A3.T1.2.2,2409.17874_A3.T1.2.2
5,156,0.1,False,2409.17874,A3.T1.2.2,2409.17874_A3.T1.2.2
6,156,0.1,False,2409.17874,A3.T1.2.2,2409.17874_A3.T1.2.2
7,156,0.8,True,2409.17874,A3.T1.2.2,2409.17874_A3.T1.2.2
8,156,0.1,False,2409.17874,A3.T1.2.2,2409.17874_A3.T1.2.2
9,156,0.1,False,2409.17874,A3.T1.2.2,2409.17874_A3.T1.2.2
10,156,0.0,False,2409.17874,A3.T1.2.2,2409.17874_A3.T1.2.2
1,157,0.1,False,2409.17874,A4.T2.4.1,2409.17874_A4.T2.4.1
2,157,0.1,False,2409.17874,A4.T2.4.1,2409.17874_A4.T2.4.1
3,157,0.6,True,2409.17874,A4.T2.4.1,2409.17874_A4.T2.4.1
4,157,0.1,False,2409.17874,A4.T2.4.1,2409.17874_A4.T2.4.1
5,157,0.1,False,2409.17874,A4.T2.4.1,2409.17874_A4.T2.4.1
6,157,0.1,False,2409.17874,A4.T2.4.1,2409.17874_A4.T2.4.1
7,157,0.75,True,2409.17874,A4.T2.4.1,2409.17874_A4.T2.4.1
8,157,0.1,False,2409.17874,A4.T2.4.1,2409.17874_A4.T2.4.1
9,157,0.7,True,2409.17874,A4.T2.4.1,2409.17874_A4.T2.4.1
10,157,0.1,False,2409.17874,A4.T2.4.1,2409.17874_A4.T2.4.1
1,158,0.1,False,2409.17874,A4.T3.2.2,2409.17874_A4.T3.2.2
2,158,0.1,False,2409.17874,A4.T3.2.2,2409.17874_A4.T3.2.2
3,158,0.1,False,2409.17874,A4.T3.2.2,2409.17874_A4.T3.2.2
4,158,0.7,True,2409.17874,A4.T3.2.2,2409.17874_A4.T3.2.2
5,158,0.1,False,2409.17874,A4.T3.2.2,2409.17874_A4.T3.2.2
6,158,0.1,False,2409.17874,A4.T3.2.2,2409.17874_A4.T3.2.2
7,158,0.7,True,2409.17874,A4.T3.2.2,2409.17874_A4.T3.2.2
8,158,0.1,False,2409.17874,A4.T3.2.2,2409.17874_A4.T3.2.2
9,158,0.85,True,2409.17874,A4.T3.2.2,2409.17874_A4.T3.2.2
10,158,0.1,False,2409.17874,A4.T3.2.2,2409.17874_A4.T3.2.2
1,159,0.75,True,2410.10089v1,S4.T1,2410.10089v1_S4.T1
2,159,0.1,False,2410.10089v1,S4.T1,2410.10089v1_S4.T1
3,159,0.1,False,2410.10089v1,S4.T1,2410.10089v1_S4.T1
4,159,0.1,False,2410.10089v1,S4.T1,2410.10089v1_S4.T1
5,159,0.1,False,2410.10089v1,S4.T1,2410.10089v1_S4.T1
6,159,0.1,False,2410.10089v1,S4.T1,2410.10089v1_S4.T1
7,159,0.1,False,2410.10089v1,S4.T1,2410.10089v1_S4.T1
8,159,0.85,True,2410.10089v1,S4.T1,2410.10089v1_S4.T1
9,159,0.1,False,2410.10089v1,S4.T1,2410.10089v1_S4.T1
10,159,0.1,False,2410.10089v1,S4.T1,2410.10089v1_S4.T1
1,160,0.1,False,2410.10089v1,S4.T2,2410.10089v1_S4.T2
2,160,0.1,False,2410.10089v1,S4.T2,2410.10089v1_S4.T2
3,160,0.6,True,2410.10089v1,S4.T2,2410.10089v1_S4.T2
4,160,0.7,True,2410.10089v1,S4.T2,2410.10089v1_S4.T2
5,160,0.1,False,2410.10089v1,S4.T2,2410.10089v1_S4.T2
6,160,0.1,False,2410.10089v1,S4.T2,2410.10089v1_S4.T2
7,160,0.1,False,2410.10089v1,S4.T2,2410.10089v1_S4.T2
8,160,0.7,True,2410.10089v1,S4.T2,2410.10089v1_S4.T2
9,160,0.6,True,2410.10089v1,S4.T2,2410.10089v1_S4.T2
10,160,0.1,False,2410.10089v1,S4.T2,2410.10089v1_S4.T2
1,161,0.1,False,2410.10089v1,S4.T3,2410.10089v1_S4.T3
2,161,0.1,False,2410.10089v1,S4.T3,2410.10089v1_S4.T3
3,161,0.6,True,2410.10089v1,S4.T3,2410.10089v1_S4.T3
4,161,0.1,False,2410.10089v1,S4.T3,2410.10089v1_S4.T3
5,161,0.1,False,2410.10089v1,S4.T3,2410.10089v1_S4.T3
6,161,0.1,False,2410.10089v1,S4.T3,2410.10089v1_S4.T3
7,161,0.1,False,2410.10089v1,S4.T3,2410.10089v1_S4.T3
8,161,0.8,True,2410.10089v1,S4.T3,2410.10089v1_S4.T3
9,161,0.1,False,2410.10089v1,S4.T3,2410.10089v1_S4.T3
10,161,0.1,False,2410.10089v1,S4.T3,2410.10089v1_S4.T3
1,162,0.1,False,2410.10089v1,S4.T4,2410.10089v1_S4.T4
2,162,0.1,False,2410.10089v1,S4.T4,2410.10089v1_S4.T4
3,162,0.7,True,2410.10089v1,S4.T4,2410.10089v1_S4.T4
4,162,0.1,False,2410.10089v1,S4.T4,2410.10089v1_S4.T4
5,162,0.1,False,2410.10089v1,S4.T4,2410.10089v1_S4.T4
6,162,0.1,False,2410.10089v1,S4.T4,2410.10089v1_S4.T4
7,162,0.6,True,2410.10089v1,S4.T4,2410.10089v1_S4.T4
8,162,0.85,True,2410.10089v1,S4.T4,2410.10089v1_S4.T4
9,162,0.7,True,2410.10089v1,S4.T4,2410.10089v1_S4.T4
10,162,0.1,False,2410.10089v1,S4.T4,2410.10089v1_S4.T4
1,163,0.1,False,2410.10089v1,S4.T5,2410.10089v1_S4.T5
2,163,0.1,False,2410.10089v1,S4.T5,2410.10089v1_S4.T5
3,163,0.8,True,2410.10089v1,S4.T5,2410.10089v1_S4.T5
4,163,0.7,True,2410.10089v1,S4.T5,2410.10089v1_S4.T5
5,163,0.2,True,2410.10089v1,S4.T5,2410.10089v1_S4.T5
6,163,0.1,False,2410.10089v1,S4.T5,2410.10089v1_S4.T5
7,163,0.6,True,2410.10089v1,S4.T5,2410.10089v1_S4.T5
8,163,0.1,False,2410.10089v1,S4.T5,2410.10089v1_S4.T5
9,163,0.75,True,2410.10089v1,S4.T5,2410.10089v1_S4.T5
10,163,0.1,False,2410.10089v1,S4.T5,2410.10089v1_S4.T5
1,164,0.1,False,2410.10089v1,S4.T6,2410.10089v1_S4.T6
2,164,0.1,False,2410.10089v1,S4.T6,2410.10089v1_S4.T6
3,164,0.6,True,2410.10089v1,S4.T6,2410.10089v1_S4.T6
4,164,0.1,False,2410.10089v1,S4.T6,2410.10089v1_S4.T6
5,164,0.1,False,2410.10089v1,S4.T6,2410.10089v1_S4.T6
6,164,0.1,False,2410.10089v1,S4.T6,2410.10089v1_S4.T6
7,164,0.1,False,2410.10089v1,S4.T6,2410.10089v1_S4.T6
8,164,0.9,True,2410.10089v1,S4.T6,2410.10089v1_S4.T6
9,164,0.7,True,2410.10089v1,S4.T6,2410.10089v1_S4.T6
10,164,0.1,False,2410.10089v1,S4.T6,2410.10089v1_S4.T6
1,165,0.1,False,2410.13042v1,Sx1.T0,2410.13042v1_Sx1.T0
2,165,0.1,False,2410.13042v1,Sx1.T0,2410.13042v1_Sx1.T0
3,165,0.6,True,2410.13042v1,Sx1.T0,2410.13042v1_Sx1.T0
4,165,0.1,False,2410.13042v1,Sx1.T0,2410.13042v1_Sx1.T0
5,165,0.75,True,2410.13042v1,Sx1.T0,2410.13042v1_Sx1.T0
6,165,0.85,True,2410.13042v1,Sx1.T0,2410.13042v1_Sx1.T0
7,165,0.1,False,2410.13042v1,Sx1.T0,2410.13042v1_Sx1.T0
8,165,0.1,False,2410.13042v1,Sx1.T0,2410.13042v1_Sx1.T0
9,165,0.1,False,2410.13042v1,Sx1.T0,2410.13042v1_Sx1.T0
10,165,0.1,False,2410.13042v1,Sx1.T0,2410.13042v1_Sx1.T0
1,166,0.1,False,2410.13042v1,Sx1.T0a,2410.13042v1_Sx1.T0a
2,166,0.1,False,2410.13042v1,Sx1.T0a,2410.13042v1_Sx1.T0a
3,166,0.7,True,2410.13042v1,Sx1.T0a,2410.13042v1_Sx1.T0a
4,166,0.1,False,2410.13042v1,Sx1.T0a,2410.13042v1_Sx1.T0a
5,166,0.7,True,2410.13042v1,Sx1.T0a,2410.13042v1_Sx1.T0a
6,166,0.75,True,2410.13042v1,Sx1.T0a,2410.13042v1_Sx1.T0a
7,166,0.1,False,2410.13042v1,Sx1.T0a,2410.13042v1_Sx1.T0a
8,166,0.1,False,2410.13042v1,Sx1.T0a,2410.13042v1_Sx1.T0a
9,166,0.1,False,2410.13042v1,Sx1.T0a,2410.13042v1_Sx1.T0a
10,166,0.1,False,2410.13042v1,Sx1.T0a,2410.13042v1_Sx1.T0a
1,167,0.1,False,2410.13042v1,S2.T1,2410.13042v1_S2.T1
2,167,0.1,False,2410.13042v1,S2.T1,2410.13042v1_S2.T1
3,167,0.7,True,2410.13042v1,S2.T1,2410.13042v1_S2.T1
4,167,0.1,False,2410.13042v1,S2.T1,2410.13042v1_S2.T1
5,167,0.6,True,2410.13042v1,S2.T1,2410.13042v1_S2.T1
6,167,0.85,True,2410.13042v1,S2.T1,2410.13042v1_S2.T1
7,167,0.1,False,2410.13042v1,S2.T1,2410.13042v1_S2.T1
8,167,0.1,False,2410.13042v1,S2.T1,2410.13042v1_S2.T1
9,167,0.1,False,2410.13042v1,S2.T1,2410.13042v1_S2.T1
10,167,0.1,False,2410.13042v1,S2.T1,2410.13042v1_S2.T1
1,168,0.1,False,2410.13042v1,S2.T2,2410.13042v1_S2.T2
2,168,0.1,False,2410.13042v1,S2.T2,2410.13042v1_S2.T2
3,168,0.7,True,2410.13042v1,S2.T2,2410.13042v1_S2.T2
4,168,0.1,False,2410.13042v1,S2.T2,2410.13042v1_S2.T2
5,168,0.7,True,2410.13042v1,S2.T2,2410.13042v1_S2.T2
6,168,0.75,True,2410.13042v1,S2.T2,2410.13042v1_S2.T2
7,168,0.1,False,2410.13042v1,S2.T2,2410.13042v1_S2.T2
8,168,0.1,False,2410.13042v1,S2.T2,2410.13042v1_S2.T2
9,168,0.1,False,2410.13042v1,S2.T2,2410.13042v1_S2.T2
10,168,0.1,False,2410.13042v1,S2.T2,2410.13042v1_S2.T2
1,169,0.1,False,2410.13042v1,S2.T2a,2410.13042v1_S2.T2a
2,169,0.1,False,2410.13042v1,S2.T2a,2410.13042v1_S2.T2a
3,169,0.2,True,2410.13042v1,S2.T2a,2410.13042v1_S2.T2a
4,169,0.1,False,2410.13042v1,S2.T2a,2410.13042v1_S2.T2a
5,169,0.7,True,2410.13042v1,S2.T2a,2410.13042v1_S2.T2a
6,169,0.85,True,2410.13042v1,S2.T2a,2410.13042v1_S2.T2a
7,169,0.1,False,2410.13042v1,S2.T2a,2410.13042v1_S2.T2a
8,169,0.1,False,2410.13042v1,S2.T2a,2410.13042v1_S2.T2a
9,169,0.1,False,2410.13042v1,S2.T2a,2410.13042v1_S2.T2a
10,169,0.1,False,2410.13042v1,S2.T2a,2410.13042v1_S2.T2a
1,170,0.1,False,2410.13042v1,S3.T3,2410.13042v1_S3.T3
2,170,0.1,False,2410.13042v1,S3.T3,2410.13042v1_S3.T3
3,170,0.1,False,2410.13042v1,S3.T3,2410.13042v1_S3.T3
4,170,0.1,False,2410.13042v1,S3.T3,2410.13042v1_S3.T3
5,170,0.6,True,2410.13042v1,S3.T3,2410.13042v1_S3.T3
6,170,0.6,True,2410.13042v1,S3.T3,2410.13042v1_S3.T3
7,170,0.1,False,2410.13042v1,S3.T3,2410.13042v1_S3.T3
8,170,0.1,False,2410.13042v1,S3.T3,2410.13042v1_S3.T3
9,170,0.1,False,2410.13042v1,S3.T3,2410.13042v1_S3.T3
10,170,0.1,False,2410.13042v1,S3.T3,2410.13042v1_S3.T3
1,171,0.1,False,2410.13042v1,S4.T4,2410.13042v1_S4.T4
2,171,0.1,False,2410.13042v1,S4.T4,2410.13042v1_S4.T4
3,171,0.7,True,2410.13042v1,S4.T4,2410.13042v1_S4.T4
4,171,0.1,False,2410.13042v1,S4.T4,2410.13042v1_S4.T4
5,171,0.75,True,2410.13042v1,S4.T4,2410.13042v1_S4.T4
6,171,0.75,True,2410.13042v1,S4.T4,2410.13042v1_S4.T4
7,171,0.1,False,2410.13042v1,S4.T4,2410.13042v1_S4.T4
8,171,0.1,False,2410.13042v1,S4.T4,2410.13042v1_S4.T4
9,171,0.1,False,2410.13042v1,S4.T4,2410.13042v1_S4.T4
10,171,0.6,True,2410.13042v1,S4.T4,2410.13042v1_S4.T4
1,172,0.1,False,2410.13042v1,A2.T5,2410.13042v1_A2.T5
2,172,0.1,False,2410.13042v1,A2.T5,2410.13042v1_A2.T5
3,172,0.6,True,2410.13042v1,A2.T5,2410.13042v1_A2.T5
4,172,0.1,False,2410.13042v1,A2.T5,2410.13042v1_A2.T5
5,172,0.6,True,2410.13042v1,A2.T5,2410.13042v1_A2.T5
6,172,0.85,True,2410.13042v1,A2.T5,2410.13042v1_A2.T5
7,172,0.1,False,2410.13042v1,A2.T5,2410.13042v1_A2.T5
8,172,0.1,False,2410.13042v1,A2.T5,2410.13042v1_A2.T5
9,172,0.1,False,2410.13042v1,A2.T5,2410.13042v1_A2.T5
10,172,0.1,False,2410.13042v1,A2.T5,2410.13042v1_A2.T5
1,173,0.1,False,2410.13042v1,A2.T6,2410.13042v1_A2.T6
2,173,0.0,False,2410.13042v1,A2.T6,2410.13042v1_A2.T6
3,173,0.1,False,2410.13042v1,A2.T6,2410.13042v1_A2.T6
4,173,0.1,False,2410.13042v1,A2.T6,2410.13042v1_A2.T6
5,173,0.1,False,2410.13042v1,A2.T6,2410.13042v1_A2.T6
6,173,0.1,False,2410.13042v1,A2.T6,2410.13042v1_A2.T6
7,173,0.1,False,2410.13042v1,A2.T6,2410.13042v1_A2.T6
8,173,0.1,False,2410.13042v1,A2.T6,2410.13042v1_A2.T6
9,173,0.1,False,2410.13042v1,A2.T6,2410.13042v1_A2.T6
10,173,0.1,False,2410.13042v1,A2.T6,2410.13042v1_A2.T6
1,174,0.1,False,2410.13042v1,A2.T7,2410.13042v1_A2.T7
2,174,0.1,False,2410.13042v1,A2.T7,2410.13042v1_A2.T7
3,174,0.1,False,2410.13042v1,A2.T7,2410.13042v1_A2.T7
4,174,0.1,False,2410.13042v1,A2.T7,2410.13042v1_A2.T7
5,174,0.1,False,2410.13042v1,A2.T7,2410.13042v1_A2.T7
6,174,0.1,False,2410.13042v1,A2.T7,2410.13042v1_A2.T7
7,174,0.1,False,2410.13042v1,A2.T7,2410.13042v1_A2.T7
8,174,0.1,False,2410.13042v1,A2.T7,2410.13042v1_A2.T7
9,174,0.1,False,2410.13042v1,A2.T7,2410.13042v1_A2.T7
10,174,0.1,False,2410.13042v1,A2.T7,2410.13042v1_A2.T7
1,175,0.1,False,2410.13042v1,A2.T8,2410.13042v1_A2.T8
2,175,0.0,False,2410.13042v1,A2.T8,2410.13042v1_A2.T8
3,175,0.1,False,2410.13042v1,A2.T8,2410.13042v1_A2.T8
4,175,0.1,False,2410.13042v1,A2.T8,2410.13042v1_A2.T8
5,175,0.1,False,2410.13042v1,A2.T8,2410.13042v1_A2.T8
6,175,0.1,False,2410.13042v1,A2.T8,2410.13042v1_A2.T8
7,175,0.1,False,2410.13042v1,A2.T8,2410.13042v1_A2.T8
8,175,0.1,False,2410.13042v1,A2.T8,2410.13042v1_A2.T8
9,175,0.1,False,2410.13042v1,A2.T8,2410.13042v1_A2.T8
10,175,0.1,False,2410.13042v1,A2.T8,2410.13042v1_A2.T8
